Id,Concurso,1ª Dezena,2ª Dezena,3ª Dezena,4ª Dezena,5ª Dezena,6ª Dezena,Ganhadores_Sena,Ganhadores_Quina,Ganhadores_Quadra
1,1,41,5,4,52,30,33,0,17,2016
2,2,9,39,37,49,43,41,1,65,4488
3,3,36,30,10,11,29,47,2,62,4261
4,3,36,30,10,11,29,47,2,62,4261
5,4,6,59,42,27,1,5,0,39,3311
6,5,1,19,46,6,16,2,0,98,5399
7,6,19,40,7,13,22,47,0,109,7147
8,7,56,38,21,20,3,5,0,100,5736
9,8,53,17,38,4,47,37,0,60,5262
10,9,55,43,56,54,8,60,0,17,2175
11,10,25,4,18,57,21,38,0,251,12590
12,11,25,15,58,37,59,38,1,148,9442
13,12,20,27,43,16,19,4,0,108,6454
14,13,47,32,50,54,18,56,0,43,2934
15,14,16,2,27,47,23,53,0,85,5323
16,15,60,12,33,52,35,51,0,57,3931
17,16,60,58,49,32,20,34,0,31,3250
18,17,10,20,6,19,51,13,1,144,9376
19,18,37,36,56,27,42,23,0,52,4484
20,19,5,25,12,10,60,24,0,159,9250
21,20,25,28,30,33,51,11,0,72,5728
22,21,49,46,6,53,33,36,0,63,5030
23,22,9,38,56,1,31,46,0,47,4865
24,23,17,52,51,59,39,37,0,74,4897
25,24,1,8,14,28,33,43,1,227,13486
26,25,56,50,55,54,24,43,0,28,2741
27,26,50,53,57,10,58,22,0,16,1823
28,27,44,33,13,51,17,20,0,99,6466
29,28,60,6,22,3,24,54,0,50,4895
30,29,14,56,58,8,43,3,1,44,5248
31,30,38,50,7,29,15,14,0,80,5885
32,31,56,19,28,48,17,45,0,103,5680
33,32,43,33,14,36,5,44,0,96,6876
34,33,5,33,49,17,42,39,1,128,8722
35,34,15,13,57,53,40,17,0,51,2627
36,35,21,57,16,23,54,4,0,39,3576
37,36,13,3,51,17,29,25,0,143,8548
38,37,22,6,7,52,38,60,0,47,3695
39,38,55,42,10,43,45,54,0,24,1999
40,39,16,37,45,52,56,12,0,73,4444
41,40,3,12,46,5,47,8,0,189,12117
42,41,38,26,35,39,12,47,1,148,10182
43,42,24,36,19,33,7,11,0,201,9580
44,43,2,58,25,6,26,17,0,75,5070
45,44,47,38,18,14,29,44,0,103,7742
46,45,30,7,37,55,44,53,0,33,3004
47,46,32,46,1,60,24,23,0,91,6263
48,47,35,17,3,48,25,56,0,210,10873
49,48,47,5,34,28,2,50,0,132,7454
50,49,33,7,43,35,13,55,1,155,9830
51,50,57,44,21,16,58,6,0,31,2800
52,51,23,24,42,25,17,47,0,143,9361
53,52,58,15,59,30,38,46,0,77,6442
54,53,42,13,3,46,38,16,0,210,10941
55,54,5,21,9,56,18,36,2,207,13067
56,54,5,21,9,56,18,36,2,207,13067
57,55,29,2,14,38,23,52,0,66,3840
58,56,51,35,59,7,20,2,0,48,2599
59,57,27,17,16,34,7,59,0,79,6173
60,58,30,49,27,37,12,44,1,65,5040
61,59,28,13,34,2,8,54,0,90,5351
62,60,38,14,21,15,3,20,0,129,7914
63,61,59,8,18,29,42,44,0,52,3866
64,62,52,13,6,24,8,31,0,119,8613
65,63,26,9,41,49,25,40,1,82,6359
66,64,8,54,50,60,23,12,0,29,2441
67,65,20,1,5,32,25,34,0,61,4932
68,66,15,26,12,33,48,13,0,102,7686
69,67,47,14,27,52,17,12,0,83,5479
70,68,53,13,3,1,12,59,0,49,4758
71,69,56,58,34,53,25,45,0,55,3661
72,70,40,17,23,43,27,58,0,95,6071
73,71,53,16,45,43,33,27,0,115,7430
74,72,19,48,43,1,34,44,0,85,7982
75,73,57,25,45,28,51,26,1,95,8222
76,74,2,24,34,50,38,37,0,40,3321
77,75,36,49,37,35,24,21,0,70,5032
78,76,33,18,23,8,17,53,0,92,6399
79,77,29,54,40,57,49,21,0,20,2635
80,78,22,32,46,12,25,31,0,103,5984
81,79,43,25,2,13,31,17,1,247,13375
82,80,51,40,37,23,48,28,0,43,4284
83,81,47,41,10,60,54,23,0,62,4870
84,82,51,36,53,29,18,15,1,77,5889
85,83,24,16,4,42,57,15,0,76,4756
86,84,10,34,4,6,25,40,0,102,5546
87,85,47,15,30,37,45,6,0,45,4312
88,86,54,21,6,34,36,22,0,48,3752
89,87,40,4,28,32,11,5,0,64,5195
90,88,45,37,29,4,43,18,0,110,6805
91,89,59,42,34,13,44,55,0,36,3847
92,90,21,26,40,54,9,52,1,74,4763
93,91,60,4,10,35,39,2,0,68,3878
94,92,5,23,51,3,1,24,0,75,5530
95,93,22,53,31,28,2,36,0,61,3795
96,94,28,51,55,18,52,8,0,25,2086
97,95,46,60,6,40,50,45,0,22,2185
98,96,4,42,58,26,7,40,1,62,3984
99,97,56,53,11,14,5,35,1,56,3441
100,98,43,33,14,31,35,13,0,89,4972
101,99,30,33,24,11,46,60,0,46,3015
102,100,46,48,30,14,29,51,0,56,3600
103,101,39,1,37,31,29,18,0,52,4653
104,102,44,42,37,56,19,20,1,73,6197
105,103,9,1,57,7,54,49,1,28,2632
106,104,13,1,38,21,52,4,0,37,2588
107,105,3,13,31,43,46,49,0,55,4875
108,106,24,16,38,5,39,35,0,94,5390
109,107,2,24,52,4,16,51,0,35,3554
110,108,60,29,34,24,21,59,0,35,2453
111,109,54,13,44,49,48,1,0,39,3881
112,110,57,58,18,31,43,52,0,35,3212
113,111,52,32,4,33,25,22,0,68,6109
114,112,37,43,34,20,12,42,1,137,8340
115,113,34,54,26,28,55,7,0,38,2572
116,114,47,54,18,6,12,37,0,71,4908
117,115,6,14,24,20,4,38,0,78,5091
118,116,36,42,32,5,13,51,0,64,5270
119,117,53,42,27,20,33,25,0,36,3822
120,118,22,57,37,9,25,56,0,53,4342
121,119,47,21,1,50,36,38,0,21,2691
122,120,46,45,16,40,27,3,0,92,7073
123,121,53,41,44,2,29,55,0,45,4554
124,122,20,43,39,11,53,17,0,83,7203
125,123,13,42,16,32,14,26,0,176,13159
126,124,52,5,34,57,15,41,1,188,14019
127,125,56,47,25,59,53,41,0,46,2784
128,126,32,28,6,10,11,40,0,83,5510
129,127,59,21,51,54,29,50,0,40,2613
130,128,23,43,3,21,9,18,0,973,11715
131,129,46,54,10,9,1,32,0,67,5320
132,130,13,42,38,49,53,29,0,155,11403
133,131,30,9,17,27,4,44,0,361,21683
134,132,44,35,50,41,9,7,0,143,12179
135,133,19,57,6,39,34,5,1,431,29264
136,134,60,32,25,36,52,4,0,82,4575
137,135,35,40,21,59,53,22,0,40,3604
138,136,17,25,45,38,1,59,0,126,7403
139,137,26,15,16,22,19,49,0,88,6701
140,138,41,14,37,5,40,27,0,86,6953
141,139,26,27,13,42,41,3,2,179,9401
142,140,55,31,46,44,41,7,0,45,4945
143,141,10,22,42,13,41,58,0,119,10533
144,142,20,59,19,54,15,8,0,162,13991
145,143,40,18,6,20,50,53,0,144,10994
146,144,8,32,44,36,45,55,1,257,23952
147,145,43,15,41,51,16,31,0,71,3389
148,146,51,34,25,60,42,32,0,51,4079
149,147,24,6,38,23,28,16,1,75,5418
150,148,32,55,59,41,58,35,0,15,2322
151,149,11,45,48,7,28,20,0,106,6290
152,150,50,44,12,55,52,54,0,56,5540
153,151,3,43,16,56,52,20,1,152,9869
154,152,12,5,15,51,58,29,0,75,5041
155,153,47,2,31,42,45,30,0,47,4218
156,154,8,10,24,33,45,48,0,144,9252
157,155,12,32,44,43,35,30,1,67,4974
158,156,52,23,42,17,55,49,0,74,4455
159,157,17,13,4,44,41,21,1,134,8894
160,158,58,43,51,14,17,4,0,31,3630
161,159,16,9,50,58,11,35,1,57,4124
162,160,13,42,52,58,2,54,0,74,6132
163,161,25,37,30,39,6,41,0,95,6865
164,162,23,33,51,38,48,21,0,92,7244
165,163,41,56,27,36,53,8,2,146,10793
166,164,4,19,14,10,44,28,0,111,8386
167,165,39,56,19,23,10,35,2,75,5378
168,166,60,57,59,13,12,22,0,47,3371
169,167,1,38,48,28,11,33,1,82,4997
170,168,45,2,35,9,50,31,0,48,3528
171,169,52,51,37,13,21,1,0,65,4489
172,170,7,51,55,41,58,46,0,50,6257
173,171,54,27,4,43,40,46,1,134,10378
174,172,49,36,14,26,35,10,0,64,4592
175,173,29,28,49,17,42,50,1,40,3610
176,174,11,52,22,23,36,59,0,44,3217
177,175,10,20,13,1,42,50,0,114,7058
178,176,28,4,1,45,53,3,0,62,5405
179,177,35,22,39,41,59,38,0,52,4408
180,178,5,27,19,26,15,33,1,198,13086
181,179,6,53,5,26,27,23,0,78,5646
182,180,39,6,29,60,51,23,0,111,6978
183,181,33,1,55,35,51,27,0,182,11797
184,182,46,60,5,10,28,3,0,239,17413
185,183,16,11,7,40,44,2,0,306,20677
186,184,9,60,21,16,41,34,0,217,15462
187,185,59,17,22,46,43,55,0,366,24849
188,186,24,26,51,25,14,23,0,352,31164
189,187,6,44,58,41,36,48,0,397,39365
190,188,34,42,43,46,27,17,1,1200,90235
191,189,41,53,38,4,31,15,0,61,5485
192,190,32,40,42,21,10,5,0,304,21481
193,191,58,5,41,3,1,23,1,383,30477
194,192,1,60,26,41,28,54,0,53,4403
195,193,12,4,11,49,43,19,0,190,11415
196,194,32,42,43,25,28,33,0,106,7456
197,195,17,3,44,37,9,32,1,339,13819
198,196,32,17,9,14,24,7,0,182,10493
199,197,19,52,29,15,12,5,0,128,8720
200,198,40,23,1,18,35,8,0,125,7134
201,199,52,37,57,16,10,50,1,34,3143
202,200,12,15,44,34,51,19,2,186,13027
203,201,55,22,5,30,35,20,1,77,4502
204,202,49,53,44,12,24,45,0,65,4279
205,203,11,55,44,19,29,47,0,63,5417
206,204,31,41,51,39,58,29,0,32,2400
207,205,26,32,54,43,46,40,1,71,6014
208,206,20,26,56,18,34,51,0,43,3478
209,207,19,7,3,55,24,53,0,90,6510
210,208,23,15,57,24,47,25,0,72,5232
211,209,13,52,32,41,21,26,0,81,5496
212,210,37,58,20,38,48,32,0,29,3921
213,211,10,20,40,45,50,33,0,164,16680
214,212,29,57,15,45,59,6,0,147,9880
215,213,3,30,9,35,23,32,3,312,18348
216,213,3,30,9,35,23,32,3,312,18348
217,213,3,30,9,35,23,32,3,312,18348
218,214,30,12,6,50,35,31,0,54,3769
219,215,7,58,28,53,37,46,0,78,4942
220,216,35,42,59,18,30,14,4,91,5049
221,216,35,42,59,18,30,14,4,91,5049
222,216,35,42,59,18,30,14,4,91,5049
223,216,35,42,59,18,30,14,4,91,5049
224,217,27,32,3,51,49,45,0,159,5820
225,218,54,40,42,17,47,12,1,95,4679
226,219,26,23,49,28,42,36,0,80,5139
227,220,36,53,55,13,60,14,1,125,8067
228,221,54,13,58,43,50,27,0,49,3793
229,222,5,48,30,55,52,19,0,55,4462
230,223,28,24,22,2,58,6,0,163,7780
231,224,20,16,18,7,44,21,0,119,7185
232,225,21,16,4,37,2,58,0,83,5517
233,226,2,50,59,38,49,1,1,78,4123
234,227,37,26,27,42,11,48,0,51,3648
235,228,16,40,45,59,43,13,0,64,4497
236,229,39,45,11,21,33,13,1,121,7685
237,230,56,44,41,40,8,53,0,94,5820
238,231,16,59,27,42,44,36,0,125,9458
239,232,29,19,41,22,37,59,0,124,8807
240,233,45,3,24,36,7,32,5,512,21452
241,233,45,3,24,36,7,32,5,512,21452
242,233,45,3,24,36,7,32,5,512,21452
243,233,45,3,24,36,7,32,5,512,21452
244,233,45,3,24,36,7,32,5,512,21452
245,234,15,45,54,25,42,41,0,39,3505
246,235,29,41,55,2,31,22,0,52,3086
247,236,10,52,50,57,25,60,0,76,4703
248,237,36,7,45,31,56,57,0,54,4145
249,238,15,9,41,13,37,42,4,188,10483
250,238,15,9,41,13,37,42,4,188,10483
251,238,15,9,41,13,37,42,4,188,10483
252,238,15,9,41,13,37,42,4,188,10483
253,239,33,21,44,46,47,6,1,30,3826
254,240,59,28,25,41,57,38,0,103,6244
255,241,11,57,40,35,56,31,0,74,5485
256,242,22,7,4,21,28,56,0,203,13497
257,243,20,47,23,32,16,11,0,180,13705
258,244,19,60,50,24,47,33,0,204,14735
259,245,44,51,27,53,8,60,3,283,21593
260,245,44,51,27,53,8,60,3,283,21593
261,245,44,51,27,53,8,60,3,283,21593
262,246,2,57,32,43,16,37,0,93,5429
263,247,34,3,30,10,23,46,0,80,6425
264,248,56,16,34,41,35,32,0,50,4862
265,249,21,55,54,40,36,49,0,60,4247
266,250,55,25,41,42,43,7,0,203,15545
267,251,34,15,23,55,49,30,0,180,12813
268,252,17,54,4,51,32,26,2,354,22122
269,252,17,54,4,51,32,26,2,354,22122
270,253,12,11,56,44,24,37,0,126,7260
271,254,4,30,56,21,22,1,0,66,6381
272,255,32,44,55,19,20,16,0,80,6812
273,256,21,52,34,26,2,32,0,91,6319
274,257,28,5,1,34,4,19,1,175,11706
275,258,12,60,54,7,55,50,0,53,3615
276,259,20,43,33,13,15,58,0,65,5581
277,260,43,4,60,59,6,33,0,120,8956
278,261,5,54,20,56,30,16,0,91,7281
279,262,53,60,48,20,58,11,0,108,8838
280,263,8,50,26,9,53,43,0,136,12752
281,264,5,25,31,13,1,33,2,979,50364
282,264,5,25,31,13,1,33,2,979,50364
283,265,7,50,53,16,41,34,0,64,3855
284,266,38,54,48,23,2,46,0,89,6687
285,267,58,1,45,55,8,46,0,46,4076
286,268,21,10,47,6,5,33,0,111,10133
287,269,19,18,52,25,17,49,0,110,8717
288,270,45,27,35,40,5,9,1,228,16867
289,271,14,31,54,29,26,24,0,43,4385
290,272,36,58,9,10,56,24,0,70,5491
291,273,47,52,10,27,23,17,1,92,7241
292,274,11,39,47,18,13,26,0,142,7420
293,275,16,30,19,38,48,37,0,41,3737
294,276,53,59,39,45,22,57,0,79,5172
295,277,40,26,38,4,56,52,0,95,5404
296,278,22,10,18,55,15,31,0,99,6996
297,279,31,59,4,58,23,47,0,58,6137
298,280,5,16,30,25,58,20,0,192,14673
299,281,11,5,47,31,53,38,1,188,12864
300,282,33,24,36,9,14,23,1,76,6064
301,283,48,34,28,54,25,42,1,36,2126
302,284,8,36,14,32,30,7,1,75,5358
303,285,50,56,41,12,32,37,0,17,1173
304,286,44,37,56,29,47,35,0,59,3739
305,287,60,47,3,33,25,13,1,110,5633
306,288,50,9,18,11,6,17,0,82,4763
307,289,36,6,30,20,7,25,0,29,2197
308,290,57,30,7,25,40,26,0,56,4869
309,291,22,16,5,41,18,17,0,71,4870
310,292,24,34,53,45,23,13,0,116,8670
311,293,6,12,35,5,28,7,0,167,10185
312,294,28,45,41,22,57,25,2,130,7434
313,294,28,45,41,22,57,25,2,130,7434
314,295,24,44,7,31,12,50,0,36,2055
315,296,20,51,42,3,52,46,0,29,2348
316,297,20,28,41,1,33,36,0,25,1920
317,298,22,34,24,23,5,60,1,50,4372
318,299,7,5,2,53,33,49,0,33,2049
319,300,27,57,41,38,28,24,0,48,4820
320,301,58,26,49,57,48,9,0,28,2892
321,302,25,40,12,60,30,41,0,101,6361
322,303,7,13,30,37,47,17,1,215,12861
323,304,42,7,11,34,59,41,0,58,3274
324,305,11,5,27,60,38,53,0,47,3770
325,306,30,19,57,41,56,47,0,28,2294
326,307,26,17,13,41,16,44,0,44,3962
327,308,55,25,4,11,29,39,1,62,5173
328,309,39,50,25,55,11,4,1,3001,2997
329,310,28,14,29,2,31,32,0,81,5093
330,311,32,22,24,41,30,38,0,31,2871
331,312,14,30,50,41,47,23,0,76,4985
332,313,14,38,53,24,16,37,0,61,5547
333,314,5,32,40,58,37,34,0,93,5542
334,315,50,21,43,12,28,22,1,43,4598
335,316,28,51,56,6,24,43,0,104,4093
336,317,27,20,48,16,30,35,0,23,2088
337,318,19,53,40,3,31,20,1,46,3071
338,319,12,16,23,17,19,48,0,52,3342
339,320,20,53,47,50,22,27,0,77,4916
340,321,11,31,32,48,49,4,0,55,3729
341,322,18,11,29,44,47,56,0,87,7835
342,323,31,49,54,33,26,40,0,56,4244
343,324,22,8,30,15,47,25,0,211,12192
344,325,4,23,3,1,21,53,2,256,15646
345,325,4,23,3,1,21,53,2,256,15646
346,326,52,23,40,51,44,21,0,27,2674
347,327,46,38,29,33,32,48,0,16,2112
348,328,51,5,23,7,14,21,1,100,7121
349,329,24,11,40,12,35,10,0,40,2904
350,330,2,4,23,37,14,51,0,120,7914
351,331,27,1,35,20,37,13,0,70,6408
352,332,28,23,42,29,44,34,0,83,6713
353,333,35,27,53,44,52,4,0,93,6221
354,334,41,26,51,14,24,23,2,1200,8839
355,334,41,26,51,14,24,23,2,1200,8839
356,335,43,33,57,23,59,7,0,24,2134
357,336,2,18,54,22,30,26,0,68,4141
358,337,31,52,14,54,16,4,0,34,3454
359,338,48,46,9,1,36,4,0,43,3245
360,339,13,16,12,5,27,50,0,76,6908
361,340,10,60,42,9,33,12,0,121,6970
362,341,56,23,22,43,16,5,0,166,11103
363,342,29,49,54,51,16,34,0,93,5578
364,343,4,6,7,24,12,41,2,246,17023
365,343,4,6,7,24,12,41,2,246,17023
366,344,33,36,12,35,10,14,0,46,3487
367,345,56,11,58,46,51,22,1,27,2170
368,346,56,7,46,60,41,12,0,20,1589
369,347,26,10,52,1,12,48,0,72,4730
370,348,39,40,33,52,19,30,0,19,1547
371,349,9,38,32,8,54,28,0,46,3264
372,350,23,30,43,10,15,57,0,80,5012
373,351,15,16,59,60,24,41,0,98,5832
374,352,49,7,47,25,20,44,0,161,8080
375,353,60,46,30,55,23,19,0,89,6862
376,354,40,52,38,16,7,41,1,93,6184
377,355,2,37,22,60,14,23,0,50,4711
378,356,54,19,5,58,56,21,0,32,2415
379,357,45,53,32,2,30,35,0,34,3265
380,358,40,42,32,12,21,17,0,84,5798
381,359,31,54,20,29,13,19,0,56,3953
382,360,47,24,29,55,53,23,0,133,8382
383,361,41,28,45,31,16,59,0,98,5236
384,362,37,20,33,46,7,56,1,110,8313
385,363,39,54,29,49,47,19,0,27,2225
386,364,59,44,29,5,51,57,1,76,3315
387,365,52,19,34,37,58,23,1,45,2433
388,366,6,4,51,7,21,15,0,41,3489
389,367,52,49,27,33,12,10,1,71,3040
390,368,13,50,38,32,44,29,0,53,3220
391,369,21,42,1,60,35,14,1,46,4167
392,370,51,42,4,54,1,40,0,40,3230
393,371,23,33,39,4,60,18,0,47,3979
394,372,24,17,46,57,16,39,2,85,6743
395,372,24,17,46,57,16,39,2,85,6743
396,373,31,33,24,10,5,1,0,52,3292
397,374,54,2,26,5,44,16,0,80,3326
398,375,51,9,42,5,58,1,0,33,2359
399,376,25,13,10,43,35,48,0,110,6956
400,377,46,19,3,45,12,27,0,87,5468
401,378,55,45,48,41,5,38,0,36,3115
402,379,41,55,24,59,33,40,0,32,2830
403,380,47,22,13,30,31,57,0,206,7186
404,381,9,56,46,28,10,55,0,85,7295
405,382,54,38,53,31,37,34,0,68,6291
406,383,48,22,53,56,50,14,0,73,6573
407,384,28,50,47,24,40,52,0,151,10644
408,385,22,12,24,18,5,16,2,759,37449
409,385,22,12,24,18,5,16,2,759,37449
410,386,39,54,43,36,17,35,0,70,5236
411,387,29,28,48,47,43,22,0,40,2998
412,388,52,48,53,58,23,36,0,46,4293
413,389,46,14,54,18,43,5,0,63,4169
414,390,7,22,34,12,38,53,1,171,10722
415,391,7,15,35,16,40,4,0,44,2740
416,392,49,47,39,31,15,23,1,68,3591
417,393,12,50,36,6,35,40,0,31,1949
418,394,15,49,42,5,45,35,0,47,4815
419,395,11,58,31,14,10,20,1,27,2328
420,396,47,18,6,45,34,42,0,63,4201
421,397,32,24,2,5,1,46,0,61,4026
422,398,28,7,16,37,36,22,1,63,5106
423,399,59,55,16,27,47,11,0,20,1730
424,400,29,59,13,10,54,28,0,75,4875
425,401,50,18,44,53,11,43,0,33,2853
426,402,27,43,58,5,16,56,0,146,7787
427,403,46,31,7,16,60,27,0,48,4099
428,404,24,38,58,1,40,28,0,66,4364
429,405,57,60,34,24,29,47,0,67,4579
430,406,47,32,48,12,38,2,0,78,6557
431,407,49,2,18,51,22,57,0,90,6383
432,408,49,44,33,28,56,14,1,269,13970
433,409,26,49,25,18,31,34,0,23,1958
434,410,31,55,36,24,8,38,0,101,5799
435,411,10,56,12,31,45,38,0,91,5115
436,412,45,5,14,21,59,12,0,89,8542
437,413,35,53,29,33,2,4,0,102,7746
438,414,35,26,58,52,45,16,1,51,5527
439,415,38,44,4,1,27,42,0,40,2415
440,416,13,1,23,56,54,33,0,44,4032
441,417,25,7,12,21,42,34,0,78,5218
442,418,45,8,32,49,15,52,2,82,5133
443,418,45,8,32,49,15,52,2,82,5133
444,419,41,42,52,53,16,9,0,30,1594
445,420,43,12,59,30,57,29,0,83,5614
446,421,38,45,35,37,5,51,0,47,4716
447,422,60,12,56,37,55,43,0,80,6516
448,423,8,22,33,40,32,53,0,66,4178
449,424,29,36,27,18,59,46,0,91,7389
450,425,6,16,10,34,47,42,1,279,17411
451,426,7,32,54,50,30,37,0,58,3139
452,427,51,13,43,24,3,14,0,48,3563
453,428,60,8,32,28,46,30,0,48,3734
454,429,55,32,17,36,26,43,0,44,3300
455,430,50,21,10,25,38,8,1,85,6944
456,431,58,26,40,37,47,52,0,20,1184
457,432,50,17,13,27,4,39,0,54,4278
458,433,36,17,28,16,54,30,0,31,2332
459,434,24,17,4,54,30,10,0,84,4870
460,435,37,11,17,31,43,10,0,55,3243
461,436,1,6,57,29,48,7,0,47,4696
462,437,54,10,59,44,30,7,0,33,2829
463,438,38,48,14,3,11,5,0,65,6276
464,439,42,13,20,29,43,57,0,65,4407
465,440,46,23,30,47,5,3,0,139,10120
466,441,2,15,58,10,59,21,0,121,6941
467,442,15,31,23,6,59,37,1,135,9944
468,443,11,36,17,26,52,48,0,47,3738
469,444,48,52,57,24,3,33,0,43,3332
470,445,31,50,7,53,32,20,0,31,3101
471,446,11,20,8,47,12,17,2,65,5039
472,446,11,20,8,47,12,17,2,65,5039
473,447,24,55,15,33,25,42,0,55,5613
474,448,5,3,52,45,9,51,0,40,2999
475,449,34,56,24,1,49,8,0,55,3656
476,450,59,51,13,1,9,50,0,108,6194
477,451,23,18,31,17,53,28,0,87,7368
478,452,54,11,51,16,36,30,0,76,6317
479,453,58,52,8,34,20,23,0,120,7882
480,454,4,17,42,56,46,24,0,275,16564
481,455,50,15,17,2,14,59,0,86,7989
482,456,17,40,22,27,33,3,0,221,16964
483,457,48,15,24,27,17,32,3,480,31340
484,457,48,15,24,27,17,32,3,480,31340
485,457,48,15,24,27,17,32,3,480,31340
486,458,43,53,13,32,34,24,0,82,3921
487,459,43,17,8,15,49,39,0,62,4197
488,460,19,55,30,23,37,49,0,155,9464
489,461,30,17,20,29,15,60,0,189,8312
490,462,27,48,17,19,26,22,0,212,14463
491,463,7,18,2,45,3,53,0,166,15269
492,464,6,33,45,38,24,50,1,241,15457
493,465,46,31,1,57,22,51,0,19,2175
494,466,28,16,45,29,30,11,0,64,3582
495,467,38,21,8,22,18,60,0,45,3907
496,468,23,6,25,39,51,5,0,58,4701
497,469,29,47,42,21,13,26,2,187,8798
498,469,29,47,42,21,13,26,2,187,8798
499,470,51,58,23,11,8,37,0,86,6094
500,471,51,59,31,5,36,32,0,76,5490
501,472,12,3,38,29,51,4,0,82,6518
502,473,51,7,58,49,23,41,0,65,6524
503,474,34,3,12,50,32,40,0,56,6910
504,475,19,6,43,52,8,22,0,156,13235
505,476,38,43,20,55,17,58,0,163,11465
506,477,47,34,8,6,18,38,3,279,21958
507,477,47,34,8,6,18,38,3,279,21958
508,477,47,34,8,6,18,38,3,279,21958
509,478,30,8,31,3,21,25,0,92,4876
510,479,20,54,58,26,41,46,0,32,2834
511,480,36,38,33,14,49,41,0,112,8589
512,481,42,6,24,44,22,13,3,359,19465
513,481,42,6,24,44,22,13,3,359,19465
514,481,42,6,24,44,22,13,3,359,19465
515,482,13,56,12,33,53,54,0,41,2929
516,483,16,23,35,18,44,59,0,90,6279
517,484,53,19,38,18,17,49,0,55,4015
518,485,38,28,52,30,19,57,0,30,3203
519,486,50,42,19,8,30,14,1,55,4325
520,487,25,22,48,52,54,8,2,104,5329
521,487,25,22,48,52,54,8,2,104,5329
522,488,30,39,35,43,15,57,0,46,2699
523,489,28,36,17,53,33,59,0,67,5107
524,490,5,11,29,54,23,58,1,148,8438
525,491,22,43,15,55,9,1,1,81,4221
526,492,57,2,15,6,56,18,0,26,2629
527,493,54,20,3,18,42,24,0,79,5294
528,494,28,32,49,53,18,20,0,32,2766
529,495,36,15,60,8,29,49,0,48,5313
530,496,41,20,19,29,59,10,0,31,3495
531,497,9,41,32,13,58,20,0,72,5439
532,498,49,28,2,6,57,50,0,58,4592
533,499,59,1,11,5,44,4,1,126,8903
534,500,35,21,54,29,38,36,1,73,6818
535,501,34,27,56,28,16,39,0,43,3037
536,502,50,7,33,21,24,13,2,268,9549
537,502,50,7,33,21,24,13,2,268,9549
538,503,10,21,48,27,49,7,0,40,2934
539,504,39,19,11,8,50,30,0,54,4006
540,505,47,20,52,3,46,28,0,30,2559
541,506,31,37,34,15,38,4,0,65,4735
542,507,44,58,5,27,33,3,2,212,6604
543,507,44,58,5,27,33,3,2,212,6604
544,508,46,56,5,15,45,10,0,33,3025
545,509,32,55,34,35,28,33,0,39,2852
546,510,30,45,58,1,4,41,2,70,4392
547,510,30,45,58,1,4,41,2,70,4392
548,511,8,36,34,37,3,4,0,50,3155
549,512,8,40,58,4,53,31,3,41,2277
550,512,8,40,58,4,53,31,3,41,2277
551,512,8,40,58,4,53,31,3,41,2277
552,513,46,10,27,19,33,39,0,46,2427
553,514,15,52,40,36,51,42,0,20,1209
554,515,39,16,57,15,45,48,0,33,2636
555,516,24,5,34,13,35,33,0,164,7718
556,517,51,32,8,28,38,7,0,36,3262
557,518,44,8,5,15,18,10,0,182,8653
558,519,9,36,15,19,42,22,0,111,7018
559,520,32,34,17,35,9,12,0,166,10884
560,521,28,32,38,25,15,45,0,166,10610
561,522,49,52,15,25,14,6,0,118,8280
562,523,45,58,40,39,28,44,0,123,9692
563,524,47,29,34,48,19,41,1,180,17156
564,525,26,32,24,49,8,10,2,153,9640
565,525,26,32,24,49,8,10,2,153,9640
566,526,3,59,21,36,55,31,0,34,2444
567,527,17,14,50,52,6,26,0,23,2091
568,528,34,28,37,12,8,31,0,67,4827
569,529,56,45,13,33,38,1,15,87,4758
570,529,56,45,13,33,38,1,15,87,4758
571,529,56,45,13,33,38,1,15,87,4758
572,529,56,45,13,33,38,1,15,87,4758
573,529,56,45,13,33,38,1,15,87,4758
574,529,56,45,13,33,38,1,15,87,4758
575,529,56,45,13,33,38,1,15,87,4758
576,529,56,45,13,33,38,1,15,87,4758
577,529,56,45,13,33,38,1,15,87,4758
578,529,56,45,13,33,38,1,15,87,4758
579,529,56,45,13,33,38,1,15,87,4758
580,529,56,45,13,33,38,1,15,87,4758
581,529,56,45,13,33,38,1,15,87,4758
582,529,56,45,13,33,38,1,15,87,4758
583,529,56,45,13,33,38,1,15,87,4758
584,530,32,21,25,1,6,49,0,49,3771
585,531,3,1,35,7,18,50,0,96,5188
586,532,13,4,12,53,9,52,0,69,5314
587,533,27,18,13,59,21,53,0,82,5129
588,534,48,57,23,8,31,3,1,107,6559
589,535,49,14,47,56,6,28,1,59,4136
590,536,14,22,25,15,37,23,0,49,3217
591,537,37,3,19,34,39,7,1,128,5345
592,538,45,43,56,25,52,3,0,36,2657
593,539,16,50,55,6,47,19,0,21,1908
594,540,22,4,30,44,28,49,0,84,4535
595,541,58,57,27,13,49,52,1,54,4879
596,542,49,4,19,28,35,6,0,42,2800
597,543,35,54,37,42,49,46,1,78,2557
598,544,11,33,56,47,17,34,0,39,2415
599,545,43,35,57,29,40,17,1,102,4315
600,546,46,4,54,17,13,5,0,32,3003
601,547,4,59,13,53,28,30,1,42,2599
602,548,51,49,14,47,59,58,0,9,965
603,549,13,51,58,22,46,8,0,34,2772
604,550,17,56,16,38,39,45,0,39,2948
605,551,56,48,57,21,12,46,0,35,3027
606,552,22,54,52,47,49,9,0,69,4299
607,553,43,46,58,53,54,4,0,42,3308
608,554,47,29,31,15,60,42,0,64,4812
609,555,49,5,23,33,45,31,1,152,10733
610,556,8,45,30,33,17,10,0,20,1699
611,557,18,49,38,23,8,12,0,59,3777
612,558,59,57,7,58,31,14,0,21,2000
613,559,53,25,36,13,17,6,1,75,4460
614,560,32,18,11,30,2,58,0,44,2585
615,561,39,49,36,20,55,1,0,32,2743
616,562,37,35,23,16,57,55,0,117,5150
617,563,34,8,23,44,51,5,0,90,6007
618,564,38,13,32,20,10,49,0,46,4446
619,565,31,37,35,7,45,34,0,57,6804
620,566,17,6,20,18,13,37,0,176,13032
621,567,57,58,11,38,41,31,0,69,5787
622,568,25,41,17,29,13,22,0,457,24931
623,569,32,15,14,9,3,57,1,434,29922
624,570,35,32,36,33,51,15,0,84,7539
625,571,14,31,12,13,51,50,0,69,5572
626,572,33,3,20,60,9,16,0,162,9940
627,573,59,29,17,6,40,22,0,82,8272
628,574,32,23,2,10,44,17,0,162,12691
629,575,18,29,21,48,35,5,2,470,21660
630,575,18,29,21,48,35,5,2,470,21660
631,576,18,43,52,39,7,8,0,27,1978
632,577,31,47,28,23,8,24,0,57,4579
633,578,48,3,58,18,56,23,1,62,3639
634,579,15,34,39,17,4,9,1,90,5172
635,580,38,16,18,28,15,47,0,56,4097
636,581,30,25,52,14,39,17,1,56,4429
637,582,13,40,29,59,45,51,0,29,1943
638,583,55,6,41,20,43,7,0,36,2157
639,584,30,53,23,7,32,8,0,49,3278
640,585,24,39,12,33,57,36,1,124,7122
641,586,45,38,13,11,54,39,0,30,2162
642,587,30,2,36,18,60,29,0,36,2436
643,588,45,13,46,55,53,11,0,22,2088
644,589,13,7,33,59,6,8,0,152,9005
645,590,25,51,5,18,4,28,0,70,5155
646,591,58,3,18,50,34,1,0,64,4448
647,592,55,14,59,47,13,42,0,60,5062
648,593,27,29,1,59,25,49,0,68,5291
649,594,10,53,55,29,13,47,0,121,6444
650,595,54,2,43,1,50,25,0,89,7230
651,596,43,60,28,11,54,14,0,116,6578
652,597,42,40,27,22,56,29,0,140,10021
653,598,5,16,53,38,50,34,2,234,19229
654,598,5,16,53,38,50,34,2,234,19229
655,599,6,45,51,9,23,4,0,65,4755
656,600,18,39,54,34,31,16,0,73,4640
657,601,37,19,29,30,10,22,0,75,6002
658,602,38,60,13,7,55,46,0,95,6773
659,603,4,8,11,29,12,44,1,233,12565
660,604,41,49,51,25,15,46,0,15,1422
661,605,44,52,53,4,49,24,0,45,3980
662,606,41,6,23,55,32,35,1,43,3770
663,607,6,59,11,27,19,41,0,48,3059
664,608,30,6,37,19,24,13,0,101,5181
665,609,15,2,59,60,6,58,0,60,3994
666,610,25,49,30,43,47,45,0,62,4044
667,611,22,21,33,16,48,49,0,69,4531
668,612,55,33,15,50,53,18,0,41,3389
669,613,54,55,13,44,6,19,0,108,7101
670,614,60,31,12,48,57,16,0,53,4127
671,615,27,31,8,10,51,5,0,157,9780
672,616,24,16,26,54,12,2,0,90,9236
673,617,25,5,49,36,33,3,2,289,17341
674,617,25,5,49,36,33,3,2,289,17341
675,618,60,10,3,8,24,13,0,86,4992
676,619,16,12,46,14,8,19,0,101,5924
677,620,22,1,29,13,32,3,0,87,5886
678,621,29,31,50,26,57,49,0,40,3837
679,622,59,27,19,29,50,38,0,49,3560
680,623,42,23,55,30,9,49,0,124,6915
681,624,39,23,34,52,8,43,1,108,7284
682,625,59,12,32,42,24,40,0,49,4056
683,626,49,8,22,18,7,39,0,52,5096
684,627,19,13,45,58,56,1,0,112,8049
685,628,8,16,22,56,58,30,1,76,5510
686,629,40,47,39,16,51,15,1,15,1865
687,630,16,53,20,60,12,45,0,33,2972
688,631,1,28,47,20,44,32,1,46,3548
689,632,2,54,48,51,19,28,0,26,1962
690,633,27,46,5,50,11,22,0,58,3524
691,634,13,41,24,42,10,56,0,54,3752
692,635,49,42,37,8,20,26,0,58,3646
693,636,30,32,34,50,28,26,0,74,3170
694,637,52,58,43,48,11,18,0,29,3560
695,638,42,10,50,41,11,36,0,65,4518
696,639,51,39,35,60,45,13,0,72,5473
697,640,12,42,59,46,19,60,0,129,8094
698,641,17,13,33,9,1,34,1,366,20840
699,642,51,17,56,36,44,40,0,28,1988
700,643,14,45,24,37,40,42,0,41,2694
701,644,57,29,31,27,34,14,0,81,4433
702,645,52,48,24,53,54,3,0,39,4345
703,646,13,47,60,32,49,10,0,79,6173
704,647,56,19,11,14,12,54,1,50,5432
705,648,5,48,23,42,45,29,3,139,4869
706,648,5,48,23,42,45,29,3,139,4869
707,648,5,48,23,42,45,29,3,139,4869
708,649,9,54,41,48,33,24,0,31,2156
709,650,53,59,25,29,10,24,0,29,2765
710,651,39,45,28,26,48,60,0,36,4356
711,652,24,18,57,56,10,20,0,41,3874
712,653,31,24,19,34,9,5,0,74,6274
713,654,10,11,56,40,41,6,1,66,4745
714,655,26,39,1,37,43,48,0,23,2722
715,656,59,37,46,36,35,51,0,24,2623
716,657,20,59,58,33,60,16,1,56,3995
717,658,41,20,36,3,11,6,0,31,2883
718,659,14,29,40,34,51,52,0,22,1390
719,660,53,5,38,54,46,11,0,58,4204
720,661,42,40,27,4,55,36,0,64,4211
721,662,4,60,56,25,18,23,0,79,5525
722,663,1,49,30,55,27,51,0,64,4020
723,664,12,1,55,59,38,36,0,74,4971
724,665,8,47,7,48,25,18,0,185,10055
725,666,7,26,16,29,45,55,0,77,8122
726,667,5,23,16,4,49,1,1,203,15283
727,668,49,33,56,2,14,1,0,53,2814
728,669,7,41,24,40,49,27,1,32,2427
729,670,42,59,58,37,48,22,0,24,2895
730,671,27,16,39,51,9,38,0,67,4259
731,672,43,34,53,38,28,24,0,54,4411
732,673,6,40,37,11,20,34,0,72,4792
733,674,22,32,18,29,42,38,0,96,5586
734,675,50,42,30,25,43,24,0,67,5204
735,676,49,32,15,9,41,42,0,94,7583
736,677,25,10,48,8,32,55,0,284,12803
737,678,44,46,31,14,40,42,0,115,9797
738,679,37,21,54,3,58,25,1,448,22087
739,680,44,2,26,5,3,22,0,188,11222
740,681,59,21,53,25,58,38,0,62,5210
741,682,60,37,47,36,4,27,0,62,5647
742,683,43,40,12,11,2,35,0,79,5680
743,684,50,37,33,40,19,17,0,81,7103
744,685,33,27,5,56,12,43,1,347,15404
745,686,33,5,4,54,15,26,0,47,3901
746,687,59,48,1,7,41,14,0,28,2887
747,688,47,30,52,11,21,35,0,38,2757
748,689,6,60,7,31,49,51,0,29,2998
749,690,15,41,8,47,12,53,0,90,5446
750,691,55,16,58,8,37,50,0,54,3896
751,692,33,18,60,11,58,57,0,71,4995
752,693,14,50,41,17,31,13,0,152,7170
753,694,15,19,29,53,37,41,0,114,7087
754,695,13,40,21,52,6,11,0,76,6333
755,696,37,16,34,57,53,9,2,195,10814
756,696,37,16,34,57,53,9,2,195,10814
757,697,53,35,32,31,28,51,0,27,2895
758,698,22,8,27,43,55,12,0,43,3981
759,699,53,17,50,23,54,48,0,54,3752
760,700,2,3,24,40,31,14,0,53,3584
761,701,13,1,31,23,60,48,0,103,5623
762,702,1,56,18,58,45,57,0,47,3663
763,703,30,24,2,45,11,27,0,123,7343
764,704,2,27,50,34,18,4,0,56,5784
765,705,3,15,11,13,26,43,0,144,11514
766,706,22,10,17,7,2,60,0,282,15980
767,707,51,8,1,43,10,36,2,140,12461
768,707,51,8,1,43,10,36,2,140,12461
769,708,45,13,39,47,9,7,0,102,5998
770,709,29,22,44,9,6,4,0,106,5202
771,710,46,25,5,49,39,34,0,48,4608
772,711,10,5,41,59,40,33,0,79,5840
773,712,35,7,53,58,8,43,0,97,5637
774,713,46,1,26,16,12,54,0,67,5838
775,714,17,53,39,8,7,35,0,113,10955
776,715,54,36,12,4,33,24,3,237,13134
777,715,54,36,12,4,33,24,3,237,13134
778,715,54,36,12,4,33,24,3,237,13134
779,716,29,2,7,50,16,32,1,37,2512
780,717,28,35,41,17,6,23,0,68,3816
781,718,7,35,21,39,58,33,0,41,2893
782,719,39,47,37,53,32,3,0,63,3553
783,720,12,56,44,51,31,54,0,20,2606
784,721,14,3,23,55,36,25,0,99,6723
785,722,60,36,57,18,44,9,0,85,5334
786,723,16,6,52,1,36,50,0,49,4000
787,724,34,51,55,17,48,27,0,102,6190
788,725,49,9,3,35,37,41,2,343,20451
789,725,49,9,3,35,37,41,2,343,20451
790,726,40,47,1,5,7,37,0,35,2838
791,727,14,42,12,4,59,30,0,29,2688
792,728,44,42,13,8,24,32,0,81,5381
793,729,33,56,18,57,43,5,1,51,5041
794,730,45,15,2,54,16,50,0,34,2824
795,731,35,6,15,23,28,16,0,88,6659
796,732,49,19,53,50,17,6,0,65,4196
797,733,12,26,31,43,46,2,0,67,5110
798,734,44,45,27,29,43,54,1,58,3984
799,735,40,42,15,52,38,9,0,33,3043
800,736,1,21,38,41,56,49,0,19,2190
801,737,33,12,24,38,11,32,0,65,6267
802,738,15,30,14,42,26,54,0,47,4178
803,739,6,45,56,49,35,10,0,54,4723
804,740,29,47,12,50,16,28,1,90,6943
805,741,26,39,27,24,59,36,0,23,2133
806,742,34,17,7,41,2,50,0,25,1622
807,743,54,20,32,60,25,23,0,28,2762
808,744,26,46,12,23,39,4,0,77,5387
809,745,21,57,37,16,43,2,0,134,5262
810,746,49,12,10,57,25,1,2,114,6686
811,746,49,12,10,57,25,1,2,114,6686
812,747,21,23,56,12,3,2,0,53,4363
813,748,1,7,19,51,35,2,0,74,4519
814,749,24,47,4,57,48,50,0,31,2669
815,750,58,17,54,10,42,33,0,49,3799
816,751,4,25,38,50,20,7,0,74,5579
817,752,25,4,29,42,24,23,0,86,6849
818,753,59,35,43,22,7,2,1,152,8630
819,754,4,42,34,50,3,13,0,41,2827
820,755,59,30,47,12,4,49,0,41,2977
821,756,37,50,41,5,38,27,0,34,3135
822,757,17,32,12,18,58,30,0,53,3448
823,758,47,59,1,23,36,43,0,74,4910
824,759,59,39,30,31,48,45,0,38,2588
825,760,12,17,60,44,46,45,0,80,5517
826,761,56,29,17,13,27,40,0,100,8936
827,762,39,9,21,12,37,54,0,143,10120
828,763,40,47,1,48,9,26,0,101,7655
829,764,7,3,55,47,53,45,1,189,15290
830,765,3,37,50,16,30,10,0,62,4336
831,766,1,50,19,42,24,58,0,63,4477
832,767,22,50,32,38,54,15,0,62,4419
833,768,33,37,59,30,4,8,1,93,6408
834,769,20,21,50,29,12,16,0,49,3078
835,770,4,34,25,35,48,12,0,68,5401
836,771,29,46,34,47,21,14,0,69,4559
837,772,38,51,52,60,10,35,0,66,5330
838,773,3,5,51,29,34,14,0,58,4919
839,774,37,5,54,58,46,10,1,64,4336
840,775,27,12,46,47,42,50,0,30,3058
841,776,57,35,60,41,3,15,0,56,3075
842,777,14,50,23,2,28,56,0,80,3943
843,778,45,20,36,37,31,51,0,21,1890
844,779,36,54,52,25,29,26,0,26,3127
845,780,10,50,28,51,59,7,0,43,3828
846,781,10,54,8,39,56,13,0,66,5707
847,782,11,23,59,42,35,2,0,144,7533
848,783,43,21,48,8,4,32,1,140,8427
849,784,42,56,8,37,27,53,0,27,2163
850,785,35,5,37,8,48,17,1,126,6657
851,786,27,31,26,11,10,41,0,19,1521
852,787,37,31,20,60,34,54,0,40,1955
853,788,31,57,17,19,29,44,0,62,3247
854,789,60,39,31,38,6,50,0,13,1808
855,790,22,2,19,28,43,6,0,71,5884
856,791,42,35,19,9,14,58,1,114,5756
857,792,43,56,9,45,29,34,0,32,1949
858,793,3,51,33,15,16,57,0,62,3629
859,794,56,47,55,38,42,3,0,15,1730
860,795,14,36,21,29,26,48,0,76,4389
861,796,19,24,43,34,39,5,0,80,4883
862,797,58,48,52,47,12,6,0,66,3447
863,798,32,9,4,52,29,3,0,48,4104
864,799,29,35,19,57,42,55,0,56,4675
865,800,1,7,56,11,37,38,0,44,4497
866,801,20,22,11,19,48,42,0,73,5791
867,802,14,24,60,6,18,48,0,117,8216
868,803,10,57,28,3,5,21,0,193,12055
869,804,13,59,37,56,3,47,1,134,9937
870,805,30,2,48,60,43,36,0,62,3489
871,806,60,41,47,26,35,18,0,50,3179
872,807,8,27,2,32,56,49,0,130,6188
873,808,15,21,31,46,2,57,0,44,3844
874,809,25,23,11,5,30,15,0,121,7669
875,810,4,33,1,48,5,37,0,75,6450
876,811,32,57,28,41,10,47,2,89,5508
877,811,32,57,28,41,10,47,2,89,5508
878,812,57,39,54,11,38,13,0,57,2116
879,813,23,15,56,46,9,45,0,43,3244
880,814,11,2,46,50,8,41,0,37,2534
881,815,57,50,9,39,37,19,0,56,3621
882,816,21,47,40,52,30,20,0,21,1885
883,817,34,43,29,30,10,52,0,27,2469
884,818,44,41,22,8,9,25,0,58,4935
885,819,51,5,58,46,25,19,0,105,5868
886,820,17,45,32,21,10,46,2,82,5102
887,820,17,45,32,21,10,46,2,82,5102
888,821,4,29,38,36,33,42,0,37,3307
889,822,4,17,41,10,27,52,0,31,2585
890,823,15,26,59,1,54,51,0,22,2144
891,824,33,48,6,7,20,9,0,53,5002
892,825,28,21,40,10,41,47,0,52,4148
893,826,45,6,8,7,53,27,0,68,3571
894,827,24,56,30,51,42,18,0,47,4106
895,828,23,50,53,42,28,38,0,29,3478
896,829,32,50,14,47,10,56,0,162,10814
897,830,53,51,2,41,13,49,0,94,7705
898,831,3,50,48,42,32,33,0,117,12045
899,832,17,49,15,33,39,23,1,510,37086
900,833,53,58,57,16,46,13,0,40,2678
901,834,44,10,17,16,51,34,1,42,3073
902,835,58,31,57,49,33,18,0,40,4078
903,836,28,22,38,17,52,59,0,64,4859
904,837,16,5,24,34,6,60,1,73,6233
905,838,9,30,47,38,23,44,0,41,2825
906,839,11,18,8,7,37,43,0,77,5314
907,840,43,29,35,59,31,17,0,94,5512
908,841,36,51,32,22,38,7,0,67,5162
909,842,51,44,60,9,7,30,0,58,4700
910,843,34,48,1,16,45,36,0,68,5642
911,844,54,24,44,57,34,16,0,91,7679
912,845,40,48,19,20,14,52,0,67,5308
913,846,47,54,2,50,3,44,0,82,6231
914,847,42,14,44,27,15,48,1,242,14062
915,848,56,34,17,32,47,27,1,90,4602
916,849,8,39,9,58,44,49,0,33,2208
917,850,60,22,59,25,44,7,0,117,6520
918,851,16,32,35,58,19,3,3,177,7593
919,851,16,32,35,58,19,3,3,177,7593
920,851,16,32,35,58,19,3,3,177,7593
921,852,14,38,6,23,44,34,0,42,3489
922,853,51,30,59,46,38,56,0,17,1465
923,854,17,3,24,27,44,25,0,88,7056
924,855,42,3,24,53,43,31,0,59,3478
925,856,11,40,41,47,15,42,0,37,2924
926,857,17,59,49,2,3,50,0,71,4732
927,858,31,37,54,23,4,18,2,185,8821
928,858,31,37,54,23,4,18,2,185,8821
929,859,46,47,12,57,34,9,0,35,3275
930,860,22,8,17,42,44,2,0,111,6853
931,861,42,40,60,59,47,39,1,34,2296
932,862,19,35,12,2,11,8,1,99,5632
933,863,32,53,50,57,15,24,0,25,1454
934,864,31,11,33,42,57,8,0,47,2926
935,865,27,23,41,51,26,53,0,28,2694
936,866,36,48,27,40,5,46,0,46,3704
937,867,54,26,28,19,44,10,0,51,4381
938,868,57,51,21,22,25,40,0,37,3453
939,869,29,42,50,51,49,27,1,57,3912
940,870,52,8,43,34,40,21,0,26,2923
941,871,17,5,58,1,47,10,0,80,6225
942,872,18,55,58,43,31,5,0,81,4636
943,873,57,59,4,34,19,30,0,70,5051
944,874,59,20,52,42,44,10,0,32,3024
945,875,53,18,36,58,24,20,1,153,8240
946,876,4,12,41,45,60,8,0,30,3847
947,877,13,15,20,31,28,36,0,69,4817
948,878,37,12,43,38,11,54,0,33,3702
949,879,29,10,46,35,42,28,0,45,3852
950,880,51,30,49,25,37,46,0,46,4314
951,881,43,24,4,51,18,56,0,99,6959
952,882,42,45,44,60,41,17,1,81,6642
953,883,21,37,60,32,52,53,0,13,1494
954,884,22,11,2,14,39,12,0,56,4752
955,885,13,4,31,33,47,51,0,114,6503
956,886,50,55,37,33,59,17,0,100,5764
957,887,44,12,32,21,1,34,0,79,4885
958,888,50,24,40,54,52,60,1,50,3672
959,889,34,54,20,39,60,24,0,21,1733
960,890,9,21,22,7,17,54,0,105,6983
961,891,15,22,19,35,34,16,0,92,6400
962,892,1,49,52,42,19,44,0,54,4782
963,893,56,53,51,26,18,3,0,105,6595
964,894,37,24,44,28,20,41,0,59,6653
965,895,2,55,41,43,57,58,0,82,6473
966,896,31,11,41,35,22,5,0,98,10769
967,897,21,57,46,22,7,43,0,212,16644
968,898,4,8,3,54,45,30,2,596,27120
969,898,4,8,3,54,45,30,2,596,27120
970,899,58,18,54,36,53,20,0,948,3559
971,900,4,21,59,18,38,34,1,89,6184
972,901,32,34,16,13,56,33,0,100,5617
973,902,52,55,23,50,58,18,0,68,3490
974,903,17,5,32,55,20,41,0,62,4688
975,904,32,44,59,53,48,51,0,72,4007
976,905,4,15,57,55,2,16,1,89,6223
977,906,35,39,29,24,7,14,1,49,4239
978,907,9,41,53,37,36,51,0,25,2244
979,908,19,1,9,25,50,52,0,120,6205
980,909,42,17,26,38,28,22,0,48,4586
981,910,53,29,36,3,15,27,0,107,6512
982,911,49,46,1,29,6,28,1,63,5376
983,912,26,21,54,4,19,29,0,62,4474
984,913,30,14,59,36,46,38,1,27,2683
985,914,33,51,9,23,45,12,0,64,4731
986,915,20,28,49,26,17,48,1,44,3580
987,916,33,37,5,38,28,36,0,144,3220
988,917,23,59,25,47,46,30,0,61,3491
989,918,38,44,8,4,12,52,0,135,6883
990,919,43,25,41,60,31,3,0,37,3505
991,920,17,57,55,24,52,5,0,94,6584
992,921,35,41,1,57,9,48,0,62,4365
993,922,41,49,45,19,13,12,0,136,8735
994,923,53,39,2,50,57,15,0,90,6122
995,924,51,27,60,21,20,2,0,90,7236
996,925,52,37,46,8,22,36,1,132,10214
997,926,40,41,34,33,21,59,0,24,2019
998,927,36,26,31,23,19,33,0,45,3499
999,928,32,10,49,60,4,33,1,43,4246
1000,929,16,49,35,39,57,27,0,42,3095
1001,930,46,20,55,37,28,49,0,73,5481
1002,931,17,34,7,36,39,19,0,245,14573
1003,932,2,21,42,53,36,17,1,196,10515
1004,933,25,39,45,51,8,14,0,66,3308
1005,934,25,48,44,3,21,1,0,55,5101
1006,935,7,45,18,13,29,31,0,243,10898
1007,936,5,33,14,29,44,22,2,144,9280
1008,936,5,33,14,29,44,22,2,144,9280
1009,937,22,41,2,30,21,52,0,20,1763
1010,938,35,15,27,57,50,59,0,39,3235
1011,939,6,23,19,50,37,49,0,103,5670
1012,940,25,33,51,31,5,37,0,109,6936
1013,941,11,15,10,27,60,53,0,37,3406
1014,942,5,52,18,8,59,42,0,73,5310
1015,943,47,41,58,3,23,12,1,116,7783
1016,944,16,58,43,37,52,59,0,21,2669
1017,945,44,8,59,54,4,27,0,118,6615
1018,946,59,1,47,5,52,12,0,92,6373
1019,947,33,11,3,58,14,5,1,95,8955
1020,948,22,44,41,46,52,54,0,30,2141
1021,949,44,1,51,52,41,23,0,28,2679
1022,950,48,59,49,41,42,23,0,43,3953
1023,951,49,24,39,34,55,14,0,41,3894
1024,952,54,11,27,18,2,30,0,132,7126
1025,953,55,48,1,39,16,42,1,71,5055
1026,954,8,5,24,18,57,33,0,81,5213
1027,955,35,5,32,21,33,12,2,90,6180
1028,955,35,5,32,21,33,12,2,90,6180
1029,956,46,51,47,59,54,57,1,38,2468
1030,957,50,32,25,34,57,24,0,24,2210
1031,958,13,22,7,33,51,48,3,269,8718
1032,958,13,22,7,33,51,48,3,269,8718
1033,958,13,22,7,33,51,48,3,269,8718
1034,959,57,3,5,11,33,39,0,138,7139
1035,960,34,6,33,18,53,19,0,73,4852
1036,961,16,53,2,4,21,36,0,81,7193
1037,962,2,48,49,40,55,11,1,41,3554
1038,963,37,17,15,50,48,59,0,30,2644
1039,964,42,13,33,20,8,26,0,125,6128
1040,965,36,39,57,58,5,30,0,61,3934
1041,966,1,58,26,28,4,41,0,55,4397
1042,967,18,14,57,30,13,5,0,91,7445
1043,968,30,4,13,60,51,1,0,124,9572
1044,969,56,35,50,13,41,25,1,82,6898
1045,970,57,34,5,54,28,21,3,108,6144
1046,970,57,34,5,54,28,21,3,108,6144
1047,970,57,34,5,54,28,21,3,108,6144
1048,971,4,14,33,44,11,45,0,66,4390
1049,972,33,18,15,56,31,34,3,723,4082
1050,972,33,18,15,56,31,34,3,723,4082
1051,972,33,18,15,56,31,34,3,723,4082
1052,973,53,36,8,30,1,47,0,36,2274
1053,974,45,20,38,31,16,12,0,93,4213
1054,975,33,9,37,40,41,30,0,55,4524
1055,976,28,53,38,23,14,25,0,74,6395
1056,977,17,3,9,32,7,5,1,452,24482
1057,978,42,58,12,18,16,27,0,69,4616
1058,979,28,3,39,51,31,15,0,42,3714
1059,980,35,17,59,15,36,29,0,88,6837
1060,981,8,41,53,1,58,34,0,74,4974
1061,982,12,24,8,40,43,49,0,125,8510
1062,983,38,45,40,16,32,22,1,244,9930
1063,984,46,20,4,43,47,10,0,38,2643
1064,985,4,56,18,59,46,16,0,55,4846
1065,986,32,6,31,24,15,19,0,120,7953
1066,987,47,27,13,31,34,58,0,193,10923
1067,988,48,17,46,56,60,8,0,73,6874
1068,989,38,21,27,2,29,32,0,130,10296
1069,990,29,18,2,15,10,39,2,290,20863
1070,990,29,18,2,15,10,39,2,290,20863
1071,991,8,38,60,41,15,9,0,36,3028
1072,992,6,8,4,1,25,28,0,330,13216
1073,993,26,25,42,60,5,24,0,68,5121
1074,994,44,40,58,29,3,20,0,47,3838
1075,995,4,54,55,36,16,31,0,76,6790
1076,996,21,23,20,7,29,15,2,165,11901
1077,996,21,23,20,7,29,15,2,165,11901
1078,997,18,53,55,32,9,17,0,40,3203
1079,998,28,21,4,32,3,22,0,40,4526
1080,999,44,36,55,58,18,24,0,103,6681
1081,1000,49,58,53,39,38,29,0,41,3771
1082,1001,15,37,27,12,60,51,0,87,7074
1083,1002,3,31,7,25,40,58,1,174,10015
1084,1003,10,27,23,5,16,26,1,86,5694
1085,1004,45,47,29,40,44,43,0,34,2419
1086,1005,6,41,4,37,12,42,1,67,5871
1087,1006,48,17,4,33,55,2,1,136,5935
1088,1007,49,27,4,36,52,37,0,46,2884
1089,1008,7,15,42,48,34,13,0,159,8123
1090,1009,34,12,1,6,58,29,2,111,5083
1091,1009,34,12,1,6,58,29,2,111,5083
1092,1010,2,46,3,37,13,54,0,61,4679
1093,1011,30,2,52,21,11,35,0,113,3889
1094,1012,47,19,58,14,40,55,0,43,3755
1095,1013,7,9,20,41,12,19,1,178,10125
1096,1014,60,57,9,25,8,41,0,65,3861
1097,1015,49,8,28,3,26,17,0,110,8105
1098,1016,11,9,25,5,60,20,1,174,9476
1099,1017,31,51,19,6,56,34,0,36,2885
1100,1018,55,51,58,9,44,24,0,35,4170
1101,1019,29,47,4,13,46,23,0,77,6124
1102,1020,19,32,52,1,2,39,0,56,4646
1103,1021,42,55,51,43,2,33,1,46,4247
1104,1022,31,21,40,39,56,5,0,21,1505
1105,1023,45,40,2,7,18,8,0,65,4937
1106,1024,28,53,18,39,22,29,0,23,2722
1107,1025,52,40,29,27,28,10,0,34,3705
1108,1026,10,33,51,53,6,17,0,92,7192
1109,1027,20,18,47,44,60,33,0,112,6992
1110,1028,54,26,34,51,20,52,0,66,5453
1111,1029,17,5,16,24,20,32,1,262,17979
1112,1030,57,8,54,1,23,37,0,123,7495
1113,1031,49,33,24,40,46,43,1,59,5508
1114,1032,57,43,15,29,26,16,0,49,3682
1115,1033,39,6,5,33,54,17,0,83,6445
1116,1034,20,42,1,3,49,18,0,61,4635
1117,1035,51,60,1,11,59,26,0,289,19044
1118,1036,27,39,36,10,41,52,1,177,11703
1119,1037,56,36,4,44,46,53,0,27,3108
1120,1038,51,7,6,28,35,43,0,80,5438
1121,1039,52,2,20,27,36,24,0,96,6631
1122,1040,44,1,28,55,6,39,0,66,6431
1123,1041,12,10,36,54,44,57,1,82,8071
1124,1042,25,46,51,18,13,30,0,79,4761
1125,1043,25,14,51,48,60,21,0,35,3197
1126,1044,58,10,39,11,13,35,0,79,6346
1127,1045,31,6,5,17,50,1,0,102,8623
1128,1046,57,40,28,42,54,55,1,49,4875
1129,1047,1,2,10,48,14,8,0,148,8110
1130,1048,57,3,38,21,28,16,1,70,4990
1131,1049,34,17,52,5,2,29,1,143,6295
1132,1050,60,14,45,24,33,26,0,66,4590
1133,1051,57,11,7,43,10,13,0,66,5281
1134,1052,8,11,16,15,57,52,1,77,5743
1135,1053,15,42,27,53,34,49,1,112,4385
1136,1054,41,27,13,60,14,18,0,37,3567
1137,1055,27,32,15,12,20,16,2,86,6311
1138,1055,27,32,15,12,20,16,2,86,6311
1139,1056,38,8,50,53,59,6,1,23,2350
1140,1057,15,49,59,4,3,2,0,46,3923
1141,1058,20,51,57,45,24,18,1,50,3853
1142,1059,37,1,14,45,12,16,1,63,4089
1143,1060,1,41,3,18,16,42,1,60,5220
1144,1061,9,41,56,23,21,30,0,29,2579
1145,1062,55,8,2,37,23,33,0,114,6442
1146,1063,49,1,22,47,44,50,0,68,4202
1147,1064,28,4,19,16,49,29,0,74,5517
1148,1065,7,57,19,43,39,30,0,72,6501
1149,1066,10,43,49,32,25,6,0,115,8153
1150,1067,14,10,56,25,4,28,0,172,10795
1151,1068,44,48,25,57,27,47,0,146,10795
1152,1069,28,17,49,53,45,9,1,275,16287
1153,1070,41,53,8,23,5,16,2,302,8729
1154,1070,41,53,8,23,5,16,2,302,8729
1155,1071,5,37,43,7,53,54,0,56,3846
1156,1072,19,18,54,47,43,9,0,47,4915
1157,1073,44,36,32,8,34,25,0,66,5305
1158,1074,3,47,10,50,29,23,0,111,7099
1159,1075,53,39,16,21,10,12,0,119,7179
1160,1076,32,33,10,19,42,4,0,102,8656
1161,1077,11,6,18,5,37,9,2,300,19219
1162,1077,11,6,18,5,37,9,2,300,19219
1163,1078,3,6,45,34,41,43,0,47,3645
1164,1079,36,12,37,24,5,28,1,150,8339
1165,1080,56,11,20,41,34,18,0,59,4152
1166,1081,9,56,29,52,16,24,0,109,7213
1167,1082,4,40,50,17,55,38,0,63,5460
1168,1083,20,28,42,23,10,43,0,70,6647
1169,1084,20,5,29,59,40,33,0,108,7731
1170,1085,39,50,21,12,40,55,0,81,7674
1171,1086,45,4,6,23,10,2,4,954,52159
1172,1086,45,4,6,23,10,2,4,954,52159
1173,1086,45,4,6,23,10,2,4,954,52159
1174,1086,45,4,6,23,10,2,4,954,52159
1175,1087,36,46,28,32,3,20,0,58,4426
1176,1088,24,42,35,31,6,57,0,78,5886
1177,1089,37,48,32,2,18,20,0,93,6101
1178,1090,24,9,40,20,36,42,0,175,10325
1179,1091,27,56,17,24,49,23,0,146,12471
1180,1092,40,30,1,9,33,34,0,130,11224
1181,1093,27,49,38,23,41,19,0,299,18464
1182,1094,10,9,48,36,41,21,1,211,18534
1183,1095,27,23,36,10,21,16,0,168,10462
1184,1096,3,41,52,14,13,16,0,102,9766
1185,1097,21,48,33,1,56,17,1,242,13115
1186,1098,30,20,21,11,50,52,1,49,3434
1187,1099,55,44,38,35,14,31,0,42,3392
1188,1100,41,33,17,18,7,42,0,119,10353
1189,1101,7,12,57,6,24,10,1,284,17901
1190,1102,46,23,9,35,11,51,0,83,5695
1191,1103,41,19,10,28,55,56,0,47,5696
1192,1104,3,35,58,49,2,6,0,95,6982
1193,1105,43,1,50,28,57,15,1,135,7144
1194,1106,4,15,50,60,43,47,0,37,3139
1195,1107,36,20,54,9,3,53,0,85,6294
1196,1108,60,44,7,39,43,9,0,71,5791
1197,1109,11,52,14,6,29,8,0,141,8371
1198,1110,26,45,6,28,42,14,2,217,11277
1199,1110,26,45,6,28,42,14,2,217,11277
1200,1111,4,43,25,9,33,32,1,52,5266
1201,1112,4,34,52,32,58,43,0,43,3283
1202,1113,47,36,29,59,3,6,2,82,5947
1203,1113,47,36,29,59,3,6,2,82,5947
1204,1114,16,3,22,54,25,15,1,65,5054
1205,1115,44,41,18,50,37,30,0,26,3005
1206,1116,17,20,4,47,9,13,1,259,14186
1207,1117,27,35,40,1,6,17,0,36,3143
1208,1118,55,44,8,20,43,21,0,30,2965
1209,1119,44,54,41,45,34,10,0,22,2684
1210,1120,50,55,7,35,44,40,0,63,4116
1211,1121,18,4,59,54,56,17,1,94,6105
1212,1122,49,44,56,26,46,55,0,20,2425
1213,1123,19,4,39,14,45,60,0,51,3386
1214,1124,49,11,7,18,16,33,0,122,7528
1215,1125,7,42,56,29,33,3,1,263,11744
1216,1126,59,31,57,4,52,42,0,21,2186
1217,1127,24,8,14,5,29,30,3,152,7135
1218,1127,24,8,14,5,29,30,3,152,7135
1219,1127,24,8,14,5,29,30,3,152,7135
1220,1128,60,8,39,52,24,16,1,43,3389
1221,1129,47,19,17,12,32,55,0,75,4068
1222,1130,23,49,32,54,18,5,0,279,9245
1223,1131,49,34,36,1,16,8,0,119,7753
1224,1132,52,30,27,12,55,33,0,104,7799
1225,1133,16,5,58,39,10,21,1,111,8648
1226,1134,29,36,56,22,9,51,0,53,3770
1227,1135,5,4,19,39,6,23,1,127,9233
1228,1136,7,31,32,37,43,34,0,41,4242
1229,1137,21,28,19,25,50,43,0,33,2763
1230,1138,4,25,18,15,36,2,0,118,6796
1231,1139,36,42,37,9,28,31,0,25,2049
1232,1140,49,58,40,46,10,27,2,734,55988
1233,1140,49,58,40,46,10,27,2,734,55988
1234,1141,40,9,37,58,50,60,0,6,683
1235,1142,28,31,15,58,3,26,0,66,3640
1236,1143,35,47,60,44,30,3,0,52,3686
1237,1144,19,10,49,18,1,44,0,92,6105
1238,1145,19,3,60,33,24,16,1,129,8734
1239,1146,10,34,53,33,28,6,0,53,3641
1240,1147,23,39,52,31,6,33,0,30,3040
1241,1148,48,32,29,55,27,28,0,37,3792
1242,1149,46,54,8,36,7,23,0,91,6998
1243,1150,28,17,35,52,31,15,0,58,5033
1244,1151,1,25,4,14,21,51,0,101,7455
1245,1152,47,36,44,29,20,14,0,99,6884
1246,1153,55,46,34,17,19,6,0,148,9655
1247,1154,4,14,21,26,12,28,0,141,8206
1248,1155,28,58,41,40,51,20,0,76,6061
1249,1156,31,49,44,24,9,48,0,210,15420
1250,1157,46,9,43,41,49,29,4,248,19079
1251,1157,46,9,43,41,49,29,4,248,19079
1252,1157,46,9,43,41,49,29,4,248,19079
1253,1157,46,9,43,41,49,29,4,248,19079
1254,1158,23,31,60,55,30,54,0,38,2442
1255,1159,53,46,5,6,34,55,0,72,7628
1256,1160,40,5,3,48,1,18,1,118,10504
1257,1161,48,47,7,4,42,51,0,43,4214
1258,1162,31,25,18,41,22,30,0,43,3308
1259,1163,5,51,31,53,47,17,0,72,6107
1260,1164,17,6,14,40,49,26,0,56,5145
1261,1165,20,52,60,42,54,40,0,70,3923
1262,1166,35,28,54,30,22,31,0,86,6211
1263,1167,43,28,56,20,52,51,0,44,4342
1264,1168,47,20,4,56,53,5,0,97,8380
1265,1169,14,1,11,23,42,48,1,179,12185
1266,1170,46,11,27,34,49,13,1,228,10746
1267,1171,41,3,10,30,57,13,0,79,5610
1268,1172,28,52,6,43,12,56,0,90,6438
1269,1173,7,25,24,36,5,47,0,140,9619
1270,1174,7,52,6,51,47,39,0,38,4174
1271,1175,2,3,12,37,47,16,0,77,6958
1272,1176,21,11,49,14,33,30,0,102,7379
1273,1177,33,52,55,47,38,50,1,78,6269
1274,1178,1,53,22,50,45,30,0,27,2330
1275,1179,59,28,47,60,22,5,0,99,5765
1276,1180,60,12,34,30,44,57,0,70,5176
1277,1181,44,18,45,31,26,20,0,67,5964
1278,1182,52,29,56,60,2,4,0,82,7157
1279,1183,12,5,10,20,29,37,4,545,21948
1280,1183,12,5,10,20,29,37,4,545,21948
1281,1183,12,5,10,20,29,37,4,545,21948
1282,1183,12,5,10,20,29,37,4,545,21948
1283,1184,4,23,27,28,9,30,0,134,7342
1284,1185,54,10,2,43,21,35,0,96,5571
1285,1186,41,12,15,7,13,8,1,196,12126
1286,1187,8,49,43,17,40,19,0,42,4013
1287,1188,60,52,59,9,44,20,0,32,3164
1288,1189,50,21,14,35,31,27,0,44,4064
1289,1190,11,53,56,37,10,19,2,146,7261
1290,1190,11,53,56,37,10,19,2,146,7261
1291,1191,25,22,11,16,33,3,0,138,6525
1292,1192,49,17,20,59,57,52,0,34,2691
1293,1193,12,54,2,32,14,9,0,72,5845
1294,1194,24,53,41,6,13,50,0,54,4511
1295,1195,27,17,57,26,55,20,1,63,4448
1296,1196,60,3,20,19,58,6,0,85,5086
1297,1197,39,54,36,37,60,49,0,35,2662
1298,1198,29,22,36,58,41,48,0,52,3708
1299,1199,58,28,23,39,16,19,0,71,5692
1300,1200,10,3,39,54,56,11,1,91,6489
1301,1201,36,32,55,49,60,28,0,67,3425
1302,1202,9,60,11,53,48,8,0,63,4195
1303,1203,55,30,33,9,7,38,0,99,6138
1304,1204,10,25,5,39,52,43,0,95,6613
1305,1205,14,4,26,35,29,13,0,141,9645
1306,1206,2,11,37,36,48,6,0,112,8526
1307,1207,32,35,22,9,56,11,0,108,8377
1308,1208,45,12,1,26,54,20,0,125,9464
1309,1209,30,17,38,14,5,35,0,251,16146
1310,1210,3,7,9,10,31,34,0,993,57447
1311,1211,36,54,3,31,15,48,7,981,44163
1312,1211,36,54,3,31,15,48,7,981,44163
1313,1211,36,54,3,31,15,48,7,981,44163
1314,1211,36,54,3,31,15,48,7,981,44163
1315,1211,36,54,3,31,15,48,7,981,44163
1316,1211,36,54,3,31,15,48,7,981,44163
1317,1211,36,54,3,31,15,48,7,981,44163
1318,1212,35,50,2,23,33,40,0,28,2326
1319,1213,3,53,45,11,34,26,0,111,6156
1320,1214,5,41,29,36,30,48,0,87,6593
1321,1215,47,51,10,50,30,25,0,144,10052
1322,1216,7,25,4,58,13,27,0,555,26524
1323,1217,5,43,28,15,11,50,0,266,16184
1324,1218,33,23,29,46,10,31,0,211,17290
1325,1219,34,37,41,53,2,33,0,220,17919
1326,1220,48,55,52,43,5,15,1,377,30478
1327,1221,46,5,58,37,14,43,0,102,5864
1328,1222,26,19,48,57,5,8,0,121,7404
1329,1223,17,15,48,42,35,47,0,358,9411
1330,1224,41,19,57,53,21,27,1,124,6867
1331,1225,32,55,34,31,50,40,1,36,3825
1332,1226,31,55,56,50,40,10,0,57,9917
1333,1227,35,31,4,30,54,28,1,463,5301
1334,1228,36,10,60,52,50,23,0,43,3050
1335,1229,12,49,60,32,30,40,0,42,2827
1336,1230,37,35,12,22,19,9,0,110,9272
1337,1231,20,27,49,5,23,39,1,161,9961
1338,1232,12,18,15,8,11,22,0,161,7374
1339,1233,49,22,59,29,32,54,0,33,3057
1340,1234,3,5,24,19,30,35,0,120,9102
1341,1235,16,49,55,20,10,26,0,83,6028
1342,1236,17,20,38,8,53,3,0,136,9270
1343,1237,26,21,39,5,18,59,1,132,9303
1344,1238,40,45,24,14,13,39,0,41,3065
1345,1239,15,1,48,37,39,52,0,57,3794
1346,1240,22,42,49,8,12,9,0,123,8257
1347,1241,13,26,25,10,28,45,0,181,12556
1348,1242,54,45,51,11,34,48,0,19,2046
1349,1243,32,19,23,57,9,29,0,139,8401
1350,1244,45,8,34,15,2,25,0,124,9080
1351,1245,34,10,37,50,43,2,4,1561,94921
1352,1245,34,10,37,50,43,2,4,1561,94921
1353,1245,34,10,37,50,43,2,4,1561,94921
1354,1245,34,10,37,50,43,2,4,1561,94921
1355,1246,59,10,37,57,40,43,0,46,3939
1356,1247,9,11,24,3,51,36,0,164,9543
1357,1248,20,33,58,34,57,60,0,86,3832
1358,1249,3,40,8,53,51,36,1,103,5887
1359,1250,59,1,2,40,51,24,0,61,4394
1360,1251,48,27,34,52,46,5,0,261,9795
1361,1252,35,2,51,14,49,39,0,67,4975
1362,1253,2,51,17,44,43,23,0,99,7284
1363,1254,9,29,18,7,14,39,0,142,9454
1364,1255,23,5,54,39,38,51,0,155,11485
1365,1256,26,38,33,35,53,43,0,121,8843
1366,1257,27,15,30,52,26,2,2,154,11765
1367,1257,27,15,30,52,26,2,2,154,11765
1368,1258,47,26,11,57,59,55,0,27,2688
1369,1259,39,54,58,46,4,6,0,74,5240
1370,1260,19,23,31,53,29,41,0,70,5798
1371,1261,10,41,14,22,53,42,0,78,6490
1372,1262,11,39,9,5,8,7,2,440,25528
1373,1262,11,39,9,5,8,7,2,440,25528
1374,1263,41,53,18,4,36,26,0,79,4180
1375,1264,56,17,37,51,4,36,0,29,2583
1376,1265,13,50,46,24,60,19,0,97,7669
1377,1266,39,6,42,10,60,33,0,106,8019
1378,1267,47,58,4,41,20,30,0,56,5172
1379,1268,17,53,60,44,16,3,0,123,8836
1380,1269,51,5,27,4,15,17,2,200,15111
1381,1269,51,5,27,4,15,17,2,200,15111
1382,1270,31,33,24,5,42,9,0,144,9186
1383,1271,2,52,39,59,48,1,0,65,6281
1384,1272,28,27,13,35,26,52,0,113,9626
1385,1273,60,26,19,58,13,40,0,118,8910
1386,1274,13,59,21,17,40,39,0,166,11088
1387,1275,58,55,14,2,60,48,0,111,11630
1388,1276,9,40,5,22,36,11,2,560,30367
1389,1276,9,40,5,22,36,11,2,560,30367
1390,1277,50,59,18,31,60,12,0,30,1783
1391,1278,4,16,24,56,25,30,0,187,5455
1392,1279,8,29,36,35,14,40,0,98,5880
1393,1280,29,6,54,10,20,16,0,97,8585
1394,1281,36,14,30,38,11,8,1,198,12813
1395,1282,4,39,56,23,52,55,0,37,4203
1396,1283,59,8,60,44,40,30,0,57,4333
1397,1284,26,21,20,36,31,29,0,46,3353
1398,1285,33,10,15,38,31,28,0,127,9744
1399,1286,5,52,2,33,51,28,0,185,12297
1400,1287,33,42,12,31,11,52,0,137,8177
1401,1288,42,32,56,40,30,17,0,69,7350
1402,1289,13,8,27,1,3,52,2,436,30724
1403,1289,13,8,27,1,3,52,2,436,30724
1404,1290,14,50,3,23,2,34,0,93,7535
1405,1291,18,57,58,40,47,54,0,49,5416
1406,1292,30,31,23,9,54,11,0,128,10397
1407,1293,24,50,1,44,13,40,0,163,11182
1408,1294,6,50,4,48,29,51,0,148,10401
1409,1295,20,2,43,15,5,57,1,314,20014
1410,1296,49,43,14,10,53,46,0,48,3607
1411,1297,2,56,11,5,59,13,0,100,9538
1412,1298,60,14,53,30,15,55,1,38,4046
1413,1299,56,32,8,22,43,53,0,35,3035
1414,1300,46,43,59,54,44,53,2,58,3652
1415,1300,46,43,59,54,44,53,2,58,3652
1416,1301,16,25,3,51,23,56,1,74,5155
1417,1302,44,15,56,2,10,57,0,63,5084
1418,1303,19,51,54,8,52,46,0,40,3573
1419,1304,35,23,15,7,20,14,0,79,7568
1420,1305,44,11,5,46,36,3,0,136,9982
1421,1306,45,6,19,34,43,22,0,167,10694
1422,1307,10,47,54,7,43,32,1,153,11019
1423,1308,24,33,7,30,47,8,0,75,4417
1424,1309,7,12,25,26,32,39,0,100,6163
1425,1310,14,8,53,9,59,32,0,107,7570
1426,1311,54,7,19,12,45,9,0,253,13609
1427,1312,28,30,29,22,20,5,0,201,10377
1428,1313,39,26,49,1,4,43,0,140,9036
1429,1314,42,44,52,58,60,38,0,122,7797
1430,1315,27,29,1,50,52,38,1,108,9003
1431,1316,48,34,25,42,13,8,1,241,9757
1432,1317,35,29,37,13,6,30,0,67,5004
1433,1318,34,46,14,28,11,16,0,140,6962
1434,1319,16,4,18,27,5,51,0,103,7798
1435,1320,38,17,55,41,24,25,0,128,8496
1436,1321,51,59,47,10,60,53,1,128,11775
1437,1322,55,43,21,10,47,53,0,54,3738
1438,1323,25,37,15,6,48,55,0,58,5387
1439,1324,29,44,51,31,18,57,0,86,5421
1440,1325,35,2,20,43,5,16,0,195,14090
1441,1326,30,19,10,18,50,11,0,179,13207
1442,1327,41,35,36,16,52,54,0,89,7175
1443,1328,43,27,59,53,23,10,1,213,14179
1444,1329,43,50,8,7,39,11,0,66,5244
1445,1330,48,8,21,18,49,30,0,76,6768
1446,1331,24,46,39,57,26,9,1,157,11461
1447,1332,5,13,3,24,35,59,1,150,10790
1448,1333,25,51,26,42,28,33,0,54,3893
1449,1334,8,25,27,6,10,1,0,392,16794
1450,1335,49,3,51,20,22,14,1,94,7457
1451,1336,51,54,32,1,38,47,1,38,3539
1452,1337,38,2,45,35,20,51,0,30,2680
1453,1338,19,33,18,43,60,1,1,102,6329
1454,1339,59,10,16,14,7,54,0,58,5087
1455,1340,36,21,13,59,60,30,0,71,6148
1456,1341,11,40,37,20,1,52,0,90,6566
1457,1342,5,60,46,42,50,7,0,102,8092
1458,1343,51,31,42,20,56,19,0,58,6113
1459,1344,19,42,8,36,21,59,3,236,13393
1460,1344,19,42,8,36,21,59,3,236,13393
1461,1344,19,42,8,36,21,59,3,236,13393
1462,1345,50,40,26,7,19,17,0,74,6043
1463,1346,59,47,32,48,40,12,1,57,5205
1464,1347,19,45,54,56,46,9,0,38,2940
1465,1348,38,45,39,7,12,56,0,89,5009
1466,1349,9,19,20,50,60,51,1,168,7012
1467,1350,4,36,29,55,45,3,5,954,85582
1468,1350,4,36,29,55,45,3,5,954,85582
1469,1350,4,36,29,55,45,3,5,954,85582
1470,1350,4,36,29,55,45,3,5,954,85582
1471,1350,4,36,29,55,45,3,5,954,85582
1472,1351,13,50,41,36,56,33,0,34,3264
1473,1352,35,59,36,9,18,24,0,75,6632
1474,1353,47,11,3,27,32,13,1,161,10308
1475,1354,2,42,8,49,48,38,1,71,4842
1476,1355,39,49,11,24,17,46,0,133,6490
1477,1356,21,46,6,22,13,31,0,90,7070
1478,1357,55,52,26,19,1,24,0,116,6940
1479,1358,16,15,37,3,35,47,0,145,10440
1480,1359,12,17,28,53,6,10,0,254,13663
1481,1360,50,25,17,16,54,2,2,112,9880
1482,1360,50,25,17,16,54,2,2,112,9880
1483,1361,37,27,44,30,38,23,0,38,3381
1484,1362,58,19,12,22,2,36,3,129,8825
1485,1362,58,19,12,22,2,36,3,129,8825
1486,1362,58,19,12,22,2,36,3,129,8825
1487,1363,52,25,42,45,35,57,0,36,2744
1488,1364,20,13,40,10,53,44,0,60,4436
1489,1365,50,35,32,26,2,24,0,52,3368
1490,1366,59,44,54,37,27,12,1,124,7974
1491,1367,38,29,43,13,7,2,0,111,6443
1492,1368,10,26,29,38,32,21,1,34,4447
1493,1369,32,24,16,38,5,46,0,195,7636
1494,1370,2,27,59,49,4,5,2,115,9979
1495,1370,2,27,59,49,4,5,2,115,9979
1496,1371,47,11,8,49,3,4,0,101,7421
1497,1372,46,60,58,36,40,3,0,48,4069
1498,1373,52,39,7,27,55,57,1,73,6082
1499,1374,21,33,28,31,43,6,0,32,3575
1500,1375,25,28,53,45,14,58,2,121,7136
1501,1375,25,28,53,45,14,58,2,121,7136
1502,1376,53,49,21,11,54,9,0,57,4091
1503,1377,25,5,13,12,35,2,1,175,12352
1504,1378,18,17,59,2,54,5,0,74,5614
1505,1379,45,5,36,12,50,58,0,61,5455
1506,1380,52,14,3,60,57,55,0,100,6994
1507,1381,44,30,27,11,40,57,1,109,7087
1508,1382,17,27,55,13,5,16,0,70,6131
1509,1383,9,55,23,44,7,46,0,106,6224
1510,1384,56,18,31,2,30,45,2,56,5010
1511,1384,56,18,31,2,30,45,2,56,5010
1512,1385,42,37,35,27,59,36,1,52,4170
1513,1386,39,56,28,12,51,38,0,27,3462
1514,1387,43,27,18,52,50,32,0,47,3492
1515,1388,54,31,50,43,29,22,0,48,4047
1516,1389,1,44,39,16,57,28,1,146,7397
1517,1390,29,27,19,4,28,31,2,149,7924
1518,1390,29,27,19,4,28,31,2,149,7924
1519,1391,19,7,12,34,53,40,0,74,5293
1520,1392,43,8,2,28,33,12,0,116,8651
1521,1393,44,28,18,24,4,39,1,86,5717
1522,1394,11,35,16,46,24,50,0,32,4092
1523,1395,5,44,11,19,17,48,0,245,13657
1524,1396,52,48,54,58,55,29,0,44,4577
1525,1397,15,56,3,27,4,7,0,249,18115
1526,1398,42,51,14,40,32,33,0,75,7149
1527,1399,39,43,60,57,34,56,2,648,9834
1528,1399,39,43,60,57,34,56,2,648,9834
1529,1400,34,26,9,43,54,53,0,72,6208
1530,1401,12,11,54,33,48,25,1,233,11965
1531,1402,38,10,27,2,21,9,0,101,7929
1532,1403,16,39,13,26,42,20,0,95,6176
1533,1404,7,32,31,51,27,8,0,88,7470
1534,1405,14,17,32,37,39,3,1,315,15516
1535,1406,7,10,38,17,24,57,0,134,9133
1536,1407,53,42,31,43,29,18,0,53,3583
1537,1408,43,39,20,19,24,4,0,118,8075
1538,1409,50,6,47,58,26,19,0,96,6846
1539,1410,54,29,18,42,40,50,0,70,6917
1540,1411,32,44,12,8,48,46,2,360,21016
1541,1411,32,44,12,8,48,46,2,360,21016
1542,1412,6,8,37,24,45,41,1,103,6893
1543,1413,54,33,13,55,45,15,0,70,3887
1544,1414,44,49,57,37,21,46,0,36,3349
1545,1415,51,49,46,40,36,26,0,39,3766
1546,1416,49,3,19,35,22,24,2,206,14457
1547,1416,49,3,19,35,22,24,2,206,14457
1548,1417,12,56,5,52,45,59,4,83,6383
1549,1417,12,56,5,52,45,59,4,83,6383
1550,1417,12,56,5,52,45,59,4,83,6383
1551,1417,12,56,5,52,45,59,4,83,6383
1552,1418,7,8,10,27,12,56,0,188,11107
1553,1419,52,21,48,58,30,17,0,56,3828
1554,1420,45,16,18,11,36,2,0,129,9189
1555,1421,31,39,59,19,53,44,1,142,8046
1556,1422,17,44,2,5,13,39,1,250,12007
1557,1423,43,8,21,27,3,25,3,187,8340
1558,1423,43,8,21,27,3,25,3,187,8340
1559,1423,43,8,21,27,3,25,3,187,8340
1560,1424,60,38,29,3,7,15,0,83,6625
1561,1425,7,29,50,16,38,36,1,82,6460
1562,1426,24,44,6,15,18,30,0,67,5957
1563,1427,47,44,53,56,8,39,0,73,4824
1564,1428,15,55,37,34,19,7,1,204,9777
1565,1429,9,22,60,48,12,39,0,59,4805
1566,1430,19,2,30,46,22,52,0,87,6685
1567,1431,33,54,40,5,9,13,0,278,17721
1568,1432,16,24,25,45,59,42,0,124,10268
1569,1433,14,46,40,13,4,52,1,124,9358
1570,1434,3,34,58,22,18,55,2,116,6335
1571,1434,3,34,58,22,18,55,2,116,6335
1572,1435,45,47,50,52,15,4,0,93,6915
1573,1436,1,23,13,30,24,57,0,127,9275
1574,1437,48,37,26,22,38,23,0,107,8856
1575,1438,49,7,33,31,36,14,2,712,19524
1576,1438,49,7,33,31,36,14,2,712,19524
1577,1439,35,55,2,43,34,42,0,45,3961
1578,1440,6,28,56,2,36,51,1,148,11068
1579,1441,56,29,53,36,38,17,0,66,5471
1580,1442,12,20,13,49,34,30,0,80,6274
1581,1443,52,32,12,54,20,48,0,72,5984
1582,1444,2,5,55,28,27,48,0,175,11165
1583,1445,41,32,19,58,5,49,1,133,10497
1584,1446,13,32,6,51,40,24,1,87,5521
1585,1447,1,41,28,33,39,19,0,51,4339
1586,1448,25,29,36,1,56,60,0,83,6212
1587,1449,2,18,30,56,52,6,0,116,8481
1588,1450,27,45,44,26,38,31,0,88,7146
1589,1451,57,10,33,2,11,52,0,164,12868
1590,1452,50,57,58,28,2,14,0,60,5878
1591,1453,47,32,25,57,6,13,0,282,14237
1592,1454,27,52,41,29,4,48,0,144,11007
1593,1455,33,14,52,36,32,41,3,1368,113258
1594,1455,33,14,52,36,32,41,3,1368,113258
1595,1455,33,14,52,36,32,41,3,1368,113258
1596,1456,36,6,40,14,8,26,0,24,2685
1597,1457,34,16,46,15,42,59,0,96,6867
1598,1458,2,16,4,44,33,51,0,134,9515
1599,1459,2,6,35,30,52,34,1,147,11563
1600,1460,50,52,14,4,27,38,0,103,7074
1601,1461,44,31,49,54,36,47,0,99,6683
1602,1462,5,9,25,40,38,27,1,392,12264
1603,1463,40,22,13,29,48,28,0,46,4520
1604,1464,59,2,54,32,24,50,0,76,5570
1605,1465,11,6,53,44,16,26,0,117,7939
1606,1466,4,13,51,37,6,34,1,213,15287
1607,1467,41,53,26,23,52,24,1,75,3925
1608,1468,2,20,37,19,1,10,1,179,6493
1609,1469,4,56,54,13,35,58,0,105,6920
1610,1470,2,34,51,36,38,55,2,172,9203
1611,1470,2,34,51,36,38,55,2,172,9203
1612,1471,58,33,36,40,25,10,0,92,5159
1613,1472,12,23,25,18,45,50,0,130,7002
1614,1473,60,12,57,58,33,2,0,121,8300
1615,1474,2,43,11,1,3,28,1,158,11838
1616,1475,13,12,51,37,48,44,1,111,9065
1617,1476,26,10,4,37,47,57,0,58,4681
1618,1477,50,59,56,46,3,4,0,58,4036
1619,1478,10,40,27,47,55,37,0,56,4924
1620,1479,57,21,54,48,50,60,0,59,5006
1621,1480,9,14,26,36,52,21,1,151,11395
1622,1481,40,27,55,17,28,44,0,46,3154
1623,1482,11,9,6,34,41,53,0,79,5433
1624,1483,55,53,1,35,56,39,0,53,4817
1625,1484,49,29,17,53,20,24,0,85,7114
1626,1485,30,59,27,36,4,54,0,212,12408
1627,1486,10,1,34,54,6,40,1,174,12128
1628,1487,4,17,23,28,9,53,0,198,9593
1629,1488,4,51,45,22,38,25,1,144,7105
1630,1489,48,15,24,28,1,26,1,86,5462
1631,1490,31,32,43,3,52,1,0,73,4902
1632,1491,56,6,45,60,26,50,0,74,5450
1633,1492,48,44,46,4,18,9,1,232,12719
1634,1493,30,24,12,49,7,27,2,137,9075
1635,1493,30,24,12,49,7,27,2,137,9075
1636,1494,50,28,35,24,2,14,0,68,5746
1637,1495,13,49,4,44,14,57,0,140,9828
1638,1496,28,18,41,54,14,47,0,106,8337
1639,1497,58,7,27,45,4,5,0,252,17540
1640,1498,11,46,27,49,6,40,0,237,14820
1641,1499,26,37,8,22,54,33,1,295,18276
1642,1500,57,43,18,59,10,31,1,81,7055
1643,1501,13,37,54,7,29,1,1,238,11210
1644,1502,6,43,22,52,57,51,0,48,3580
1645,1503,36,22,42,3,16,4,0,111,8448
1646,1504,41,2,42,30,12,10,0,74,5957
1647,1505,32,1,6,9,16,2,0,263,15199
1648,1506,49,34,42,18,3,14,0,182,10892
1649,1507,46,24,51,50,56,52,0,93,7021
1650,1508,58,39,18,17,35,30,2,115,10276
1651,1508,58,39,18,17,35,30,2,115,10276
1652,1509,27,51,1,46,59,6,0,71,5633
1653,1510,1,8,44,17,46,53,1,95,9101
1654,1511,8,29,31,4,17,45,0,138,7658
1655,1512,35,11,28,46,42,58,0,94,5874
1656,1513,31,57,17,56,28,58,0,44,4837
1657,1514,23,16,17,59,42,60,1,66,6219
1658,1515,59,49,13,18,4,14,1,111,8567
1659,1516,34,60,18,45,4,20,1,56,3946
1660,1517,45,38,52,17,7,56,0,60,5366
1661,1518,28,8,55,41,48,9,0,28,2892
1662,1519,6,23,56,15,5,59,0,72,5886
1663,1520,36,46,48,31,7,35,0,43,5886
1664,1521,18,30,14,11,33,39,1,134,9266
1665,1522,33,5,23,32,8,56,0,93,6765
1666,1523,25,39,44,41,31,22,0,61,4254
1667,1524,40,53,12,46,2,52,0,53,4637
1668,1525,30,46,35,54,26,2,0,67,6260
1669,1526,51,47,28,10,59,16,1,149,10735
1670,1527,32,44,42,48,16,36,0,92,5439
1671,1528,4,13,58,36,19,15,0,101,7347
1672,1529,35,17,15,34,49,11,1,75,6622
1673,1530,53,10,28,16,48,33,2,138,9644
1674,1530,53,10,28,16,48,33,2,138,9644
1675,1531,24,41,12,42,44,13,0,108,5944
1676,1532,42,2,11,23,31,44,3,91,5676
1677,1532,42,2,11,23,31,44,3,91,5676
1678,1532,42,2,11,23,31,44,3,91,5676
1679,1533,29,21,47,57,13,34,0,89,5659
1680,1534,28,12,34,29,1,48,1,89,6196
1681,1535,55,25,9,8,54,41,0,63,6058
1682,1536,18,32,29,13,50,58,0,89,7408
1683,1537,6,56,33,50,51,10,1,209,11870
1684,1538,35,52,27,53,57,23,1,132,5238
1685,1539,10,49,8,58,20,26,0,53,4366
1686,1540,54,47,27,17,3,32,0,299,14429
1687,1541,37,5,24,44,49,58,0,205,12026
1688,1542,7,12,57,11,30,39,0,154,11783
1689,1543,30,7,23,20,15,41,0,182,13138
1690,1544,30,50,45,2,35,21,0,152,10385
1691,1545,6,48,11,45,4,24,1,680,45410
1692,1546,38,44,17,60,4,53,0,100,6673
1693,1547,28,21,9,10,2,18,1,227,11559
1694,1548,44,41,42,54,47,19,0,45,3429
1695,1549,32,53,16,20,12,10,1,66,6564
1696,1550,21,56,36,9,13,27,1,229,14109
1697,1551,2,23,38,15,21,19,1,131,7631
1698,1552,7,18,26,46,39,24,0,122,7839
1699,1553,29,21,20,46,22,60,0,48,3788
1700,1554,30,52,50,49,53,32,0,60,4098
1701,1555,5,52,59,2,33,23,0,167,13033
1702,1556,7,52,11,10,1,4,0,549,26705
1703,1557,46,18,16,45,31,4,0,123,8744
1704,1558,31,42,15,7,17,54,0,186,11538
1705,1559,37,58,12,29,8,16,1,317,16431
1706,1560,30,47,53,38,20,36,4,1147,90376
1707,1560,30,47,53,38,20,36,4,1147,90376
1708,1560,30,47,53,38,20,36,4,1147,90376
1709,1560,30,47,53,38,20,36,4,1147,90376
1710,1561,28,26,54,55,23,60,0,20,1669
1711,1562,12,10,51,37,23,47,0,59,4384
1712,1563,43,36,1,20,13,6,1,202,10395
1713,1564,54,44,38,25,46,53,1,71,5602
1714,1565,43,41,37,51,18,39,0,52,5157
1715,1566,11,32,60,5,6,36,1,133,8797
1716,1567,53,38,30,2,15,48,0,59,4463
1717,1568,28,58,19,24,42,25,0,103,7192
1718,1569,42,15,18,31,5,53,0,81,6718
1719,1570,18,46,42,15,56,24,0,225,11903
1720,1571,46,60,55,32,3,29,0,176,11857
1721,1572,46,42,27,45,20,47,0,93,11613
1722,1573,7,16,36,35,38,21,0,230,19015
1723,1574,6,28,33,48,46,27,0,459,29794
1724,1575,1,5,4,45,14,56,1,709,42590
1725,1576,26,30,21,15,13,46,0,88,5886
1726,1577,25,32,11,59,51,14,1,86,6004
1727,1578,6,53,56,30,37,3,0,107,6347
1728,1579,34,25,40,51,60,49,0,23,2180
1729,1580,1,6,14,17,33,36,2,378,20400
1730,1580,1,6,14,17,33,36,2,378,20400
1731,1581,31,34,15,14,25,30,0,41,4202
1732,1582,4,17,1,48,13,38,1,125,10807
1733,1583,18,2,9,47,17,45,0,130,7907
1734,1584,27,54,28,50,22,3,0,97,7379
1735,1585,55,47,43,48,49,2,0,103,8235
1736,1586,47,58,8,43,39,46,0,150,10556
1737,1587,8,21,19,30,52,56,0,179,12440
1738,1588,36,29,23,49,32,45,2,353,21216
1739,1588,36,29,23,49,32,45,2,353,21216
1740,1589,11,41,51,5,19,4,0,87,7815
1741,1590,40,7,44,55,34,20,0,89,8050
1742,1591,4,23,55,10,38,33,1,278,16180
1743,1592,41,49,36,42,31,38,0,23,2341
1744,1593,4,17,38,9,18,21,1,136,8689
1745,1594,53,43,23,6,7,8,0,71,6341
1746,1595,59,5,42,8,46,2,2,236,12387
1747,1595,59,5,42,8,46,2,2,236,12387
1748,1596,5,12,1,7,45,10,1,380,16970
1749,1597,16,52,5,44,10,50,0,57,5638
1750,1598,36,47,42,29,53,31,0,121,6776
1751,1599,35,10,15,58,36,3,1,135,8922
1752,1600,9,46,23,32,35,57,1,110,8443
1753,1601,60,24,56,45,10,8,0,90,5373
1754,1602,8,44,40,35,22,12,1,69,6039
1755,1603,13,53,20,31,60,27,0,64,4652
1756,1604,21,40,51,27,24,2,0,62,5333
1757,1605,42,30,9,19,31,21,0,87,6694
1758,1606,54,1,15,37,46,42,1,101,9327
1759,1607,32,41,51,7,31,52,0,91,2820
1760,1608,6,43,17,5,54,59,0,79,5998
1761,1609,2,26,6,13,53,60,0,140,8573
1762,1610,36,53,35,9,1,4,0,173,9626
1763,1611,24,51,50,28,58,47,0,97,6367
1764,1612,17,51,36,6,42,13,2,261,16822
1765,1612,17,51,36,6,42,13,2,261,16822
1766,1613,31,18,4,46,44,49,0,103,5801
1767,1614,49,27,43,17,14,21,1,149,7458
1768,1615,26,20,5,44,33,31,0,71,5701
1769,1616,46,40,58,31,28,42,0,185,6475
1770,1617,23,31,47,54,3,26,2,265,13116
1771,1617,23,31,47,54,3,26,2,265,13116
1772,1618,9,51,20,24,52,43,1,32,3161
1773,1619,46,17,5,42,47,8,0,92,7438
1774,1620,57,23,38,13,34,27,0,136,9539
1775,1621,24,22,38,49,10,39,1,81,6823
1776,1622,21,7,5,53,45,4,0,107,7833
1777,1623,33,56,59,43,50,49,0,28,1825
1778,1624,32,2,27,47,58,41,0,76,4576
1779,1625,45,11,22,52,36,40,0,77,6419
1780,1626,3,52,5,43,35,14,0,158,12451
1781,1627,26,57,20,32,45,41,1,130,9306
1782,1628,38,26,60,34,29,50,0,36,2795
1783,1629,47,20,35,4,59,24,0,92,5701
1784,1630,30,43,7,44,1,54,0,81,6412
1785,1631,47,48,44,60,4,29,0,140,9659
1786,1632,18,56,27,6,24,59,1,244,16339
1787,1633,2,11,49,13,36,1,0,99,7430
1788,1634,44,9,33,10,23,51,1,110,6257
1789,1635,30,32,51,8,28,23,0,112,6874
1790,1636,33,19,52,51,35,26,0,90,8474
1791,1637,5,56,24,55,1,47,0,144,11489
1792,1638,38,2,42,58,41,1,0,143,9363
1793,1639,35,51,34,49,16,29,2,228,13321
1794,1639,35,51,34,49,16,29,2,228,13321
1795,1640,6,18,46,23,31,2,2,253,12809
1796,1640,6,18,46,23,31,2,2,253,12809
1797,1641,51,30,29,33,46,23,0,47,4951
1798,1642,47,3,43,42,60,23,0,53,5355
1799,1643,19,20,16,60,28,37,0,60,5152
1800,1644,10,16,34,13,60,22,0,92,8884
1801,1645,31,37,21,38,8,18,0,137,8400
1802,1646,34,23,41,19,40,58,0,126,10700
1803,1647,38,54,23,12,17,53,1,259,20655
1804,1648,48,18,15,22,20,16,0,98,5545
1805,1649,54,33,24,44,38,42,0,99,7522
1806,1650,23,57,29,17,60,38,0,133,10962
1807,1651,27,44,8,35,38,41,0,145,12024
1808,1652,44,28,24,57,7,26,0,391,22215
1809,1653,45,22,27,21,1,32,0,134,12071
1810,1654,50,33,42,7,58,16,0,249,19592
1811,1655,56,46,7,24,28,53,2,704,39616
1812,1655,56,46,7,24,28,53,2,704,39616
1813,1656,6,4,43,54,56,11,0,55,5037
1814,1657,10,54,37,45,14,7,1,170,9969
1815,1658,7,40,19,49,11,23,1,110,7011
1816,1659,20,33,37,49,4,10,0,95,6810
1817,1660,17,38,42,51,34,8,1,218,11526
1818,1661,16,48,43,27,58,13,0,70,6712
1819,1662,57,10,25,14,33,29,2,160,8641
1820,1662,57,10,25,14,33,29,2,160,8641
1821,1663,20,27,49,40,55,18,0,28,3524
1822,1664,48,8,21,36,23,29,1,131,8211
1823,1665,20,11,16,1,56,5,4,2581,168546
1824,1665,20,11,16,1,56,5,4,2581,168546
1825,1665,20,11,16,1,56,5,4,2581,168546
1826,1665,20,11,16,1,56,5,4,2581,168546
1827,1666,51,27,1,23,45,2,0,82,5042
1828,1667,51,24,56,7,12,44,1,143,7934
1829,1668,47,40,55,57,52,5,0,42,3171
1830,1669,29,28,31,48,45,49,0,54,3941
1831,1670,1,33,30,17,47,19,0,132,10142
1832,1671,21,31,56,55,45,27,0,71,5343
1833,1672,20,10,1,5,42,3,1,566,28440
1834,1673,35,10,47,5,24,23,0,97,7613
1835,1674,42,59,30,58,50,22,0,49,2994
1836,1675,36,3,35,56,18,34,1,139,10903
1837,1676,2,1,37,51,48,11,0,46,4406
1838,1677,52,33,15,28,51,10,2,154,7597
1839,1677,52,33,15,28,51,10,2,154,7597
1840,1678,35,52,17,19,9,11,0,111,6955
1841,1679,28,2,1,46,27,47,1,35,3289
1842,1680,37,46,47,51,23,38,1,298,5821
1843,1681,1,33,8,11,6,50,1,90,6663
1844,1682,13,39,51,37,35,7,0,201,8761
1845,1683,48,4,12,34,32,33,1,80,6925
1846,1684,9,12,31,50,18,39,0,49,4143
1847,1685,39,46,18,51,31,3,0,134,7584
1848,1686,44,37,9,55,14,46,3,117,8999
1849,1686,44,37,9,55,14,46,3,117,8999
1850,1686,44,37,9,55,14,46,3,117,8999
1851,1687,15,58,24,37,46,49,1,75,4522
1852,1688,18,23,42,56,32,30,0,47,4355
1853,1689,41,2,53,5,13,27,2,185,9634
1854,1689,41,2,53,5,13,27,2,185,9634
1855,1690,24,45,53,35,26,21,0,63,5708
1856,1691,39,45,58,10,1,24,0,145,9387
1857,1692,44,56,13,14,27,11,0,180,12447
1858,1693,19,18,38,5,21,15,0,178,13997
1859,1694,34,29,20,37,57,45,1,348,10854
1860,1695,36,43,38,24,58,44,0,128,8910
1861,1696,12,1,31,37,17,46,1,135,9824
1862,1697,8,30,23,51,53,58,0,62,3593
1863,1698,24,44,28,13,45,11,0,132,8869
1864,1699,1,10,30,33,38,6,0,189,9424
1865,1700,58,41,48,50,15,18,1,65,5380
1866,1701,9,3,18,40,32,56,1,59,3328
1867,1702,39,52,17,35,19,33,1,139,5963
1868,1703,49,3,35,39,23,26,0,75,4451
1869,1704,11,7,59,51,32,1,0,74,6399
1870,1705,50,37,51,27,29,25,0,60,6095
1871,1706,12,31,34,48,36,56,1,136,10756
1872,1707,36,27,20,7,16,52,0,65,4048
1873,1708,38,50,29,45,17,32,0,72,4174
1874,1709,30,7,47,35,19,42,0,102,6499
1875,1710,59,56,7,28,21,58,0,90,6845
1876,1711,38,22,50,45,26,39,0,85,6112
1877,1712,50,19,59,2,29,12,0,169,9443
1878,1713,3,29,10,16,23,27,2,388,21476
1879,1713,3,29,10,16,23,27,2,388,21476
1880,1714,51,2,24,52,36,8,0,106,5421
1881,1715,20,16,35,40,60,53,0,58,4649
1882,1716,25,36,2,53,42,41,1,62,5896
1883,1717,9,58,16,44,2,37,0,122,4934
1884,1718,30,53,4,31,47,32,0,49,3197
1885,1719,44,22,31,54,34,1,0,45,3009
1886,1720,49,39,18,31,57,23,0,47,3410
1887,1721,12,33,4,38,36,19,1,188,9668
1888,1722,41,39,9,49,23,58,0,33,2640
1889,1723,27,60,30,14,46,52,0,54,3169
1890,1724,27,39,37,58,60,33,0,53,4281
1891,1725,26,31,30,18,16,34,0,51,5054
1892,1726,42,54,57,3,49,10,0,111,7581
1893,1727,4,6,41,40,19,20,1,122,8814
1894,1728,28,39,8,59,42,3,0,45,3617
1895,1729,53,14,44,7,23,43,0,39,2553
1896,1730,1,24,10,17,42,51,2,195,10089
1897,1730,1,24,10,17,42,51,2,195,10089
1898,1731,59,49,43,5,27,18,0,68,4160
1899,1732,25,60,34,53,45,38,1,73,3177
1900,1733,5,9,41,14,3,46,1,63,4818
1901,1734,52,29,17,41,12,25,0,64,3315
1902,1735,46,16,33,45,34,6,0,86,4779
1903,1736,13,32,12,41,24,29,0,105,6581
1904,1737,59,5,51,42,50,8,0,73,5770
1905,1738,53,46,28,48,37,12,1,96,6889
1906,1739,34,17,9,46,10,32,0,51,4020
1907,1740,38,15,47,25,10,53,0,62,4599
1908,1741,49,18,20,32,15,48,1,82,6448
1909,1742,23,27,21,19,52,11,0,83,4483
1910,1743,34,31,29,4,10,35,0,40,3955
1911,1744,12,9,56,29,14,42,0,96,5272
1912,1745,13,47,60,18,52,9,0,128,6976
1913,1746,37,40,6,58,41,18,0,106,5849
1914,1747,53,34,59,33,48,6,2,93,8700
1915,1747,53,34,59,33,48,6,2,93,8700
1916,1748,2,53,13,49,10,41,0,76,3731
1917,1749,33,13,14,3,43,29,0,78,7101
1918,1750,17,41,48,15,20,31,0,23,1865
1919,1751,42,22,51,23,57,15,0,47,4580
1920,1752,36,53,55,37,60,9,0,70,5668
1921,1753,54,8,45,29,35,15,1,149,8929
1922,1754,20,31,40,30,27,53,0,22,1958
1923,1755,48,5,30,18,8,2,0,123,8784
1924,1756,28,13,6,14,45,35,0,134,10310
1925,1757,43,13,28,56,37,25,0,311,11196
1926,1758,6,23,16,11,42,36,0,230,13800
1927,1759,2,14,21,60,22,51,0,70,5957
1928,1760,25,10,24,47,48,36,0,206,14689
1929,1761,53,36,10,9,50,55,0,176,17821
1930,1762,45,59,42,55,32,26,0,219,18595
1931,1763,21,9,15,36,12,31,0,689,43184
1932,1764,6,7,41,39,29,55,1,401,33850
1933,1765,1,28,56,37,6,58,0,185,9138
1934,1766,60,23,22,46,53,41,0,70,7088
1935,1767,44,26,39,35,16,45,0,84,7608
1936,1768,35,11,7,50,34,5,0,156,12402
1937,1769,32,44,54,60,47,37,0,105,7782
1938,1770,34,30,41,11,27,26,0,110,8861
1939,1771,38,2,27,28,32,20,0,123,10330
1940,1772,27,39,19,41,12,45,2,244,13112
1941,1772,27,39,19,41,12,45,2,244,13112
1942,1773,45,41,39,30,15,59,0,36,2312
1943,1774,1,52,30,60,20,12,0,37,2707
1944,1775,31,2,51,42,18,56,6,827,62767
1945,1775,31,2,51,42,18,56,6,827,62767
1946,1775,31,2,51,42,18,56,6,827,62767
1947,1775,31,2,51,42,18,56,6,827,62767
1948,1775,31,2,51,42,18,56,6,827,62767
1949,1775,31,2,51,42,18,56,6,827,62767
1950,1776,39,11,48,14,19,10,0,17,1051
1951,1777,55,4,44,38,19,52,0,62,3484
1952,1778,4,38,48,10,45,40,0,37,3457
1953,1779,25,56,30,12,39,57,0,30,2162
1954,1780,20,6,33,22,31,34,0,30,3095
1955,1781,22,8,52,1,53,49,2,54,3941
1956,1781,22,8,52,1,53,49,2,54,3941
1957,1782,34,57,47,18,6,52,0,110,3430
1958,1783,38,16,21,4,18,6,0,67,4886
1959,1784,30,15,54,55,26,4,0,32,2896
1960,1785,27,5,42,54,41,11,0,91,6410
1961,1786,34,8,2,21,25,6,0,76,5065
1962,1787,1,29,13,25,5,26,2,167,8897
1963,1787,1,29,13,25,5,26,2,167,8897
1964,1788,42,45,56,13,3,59,0,41,3508
1965,1789,57,59,6,25,43,58,0,16,1574
1966,1790,28,13,11,26,50,27,0,72,5672
1967,1791,55,12,50,18,53,46,0,36,3703
1968,1792,47,41,18,17,2,16,0,85,6593
1969,1793,56,13,22,54,14,58,1,80,5158
1970,1794,1,5,37,60,34,40,1,64,3568
1971,1795,55,50,42,58,47,30,0,48,2549
1972,1796,54,22,48,34,23,53,1,48,4783
1973,1797,2,57,35,13,54,14,0,32,2516
1974,1798,9,28,45,2,23,53,0,88,4315
1975,1799,53,1,3,4,51,39,0,39,3102
1976,1800,31,56,16,6,11,19,1,96,5710
1977,1801,19,45,43,6,54,34,0,82,3265
1978,1802,6,14,2,17,44,13,0,99,6229
1979,1803,4,29,8,49,38,50,0,35,2641
1980,1804,20,50,48,59,28,21,0,23,2088
1981,1805,17,49,27,22,57,31,0,53,4693
1982,1806,11,42,55,58,35,20,0,86,5047
1983,1807,43,15,22,1,16,25,0,94,7609
1984,1808,20,25,45,2,41,14,0,141,9208
1985,1809,23,12,54,46,9,24,0,188,13704
1986,1810,56,10,43,50,1,25,1,266,14324
1987,1811,32,37,5,35,17,57,0,82,4309
1988,1812,45,34,23,20,37,32,0,43,2976
1989,1813,51,9,13,15,19,11,0,209,9346
1990,1814,53,51,27,11,46,9,0,51,3473
1991,1815,60,8,25,39,41,11,3,84,4553
1992,1815,60,8,25,39,41,11,3,84,4553
1993,1815,60,8,25,39,41,11,3,84,4553
1994,1816,12,10,46,28,22,5,0,112,6085
1995,1817,47,1,26,55,39,4,0,49,3620
1996,1818,10,53,15,2,6,56,0,98,6394
1997,1819,37,26,18,30,33,17,0,30,4092
1998,1820,27,19,23,3,45,40,0,182,9333
1999,1821,53,31,19,52,36,22,2,84,6145
2000,1821,53,31,19,52,36,22,2,84,6145
2001,1822,22,53,26,1,43,50,0,23,1885
2002,1823,54,34,59,21,9,4,0,70,4110
2003,1824,19,30,60,12,6,5,0,157,8192
2004,1825,21,54,10,50,51,11,1,41,3176
2005,1826,43,48,32,19,17,51,0,42,2476
2006,1827,43,33,53,26,54,42,0,44,2487
2007,1828,40,32,11,6,59,48,0,36,2502
2008,1829,53,32,30,7,24,13,0,103,6254
2009,1830,29,3,54,7,37,60,1,100,6640
2010,1831,55,15,48,32,28,27,1,71,3168
2011,1832,34,47,57,56,14,46,0,31,1786
2012,1833,2,42,3,27,16,7,0,105,6930
2013,1834,2,22,51,24,48,17,1,100,5132
2014,1835,50,36,8,28,47,58,0,41,3133
2015,1836,59,18,45,60,8,15,0,46,2948
2016,1837,41,48,57,50,44,54,0,32,2346
2017,1838,59,24,30,8,57,5,1,115,5293
2018,1839,28,32,22,56,58,7,0,30,2933
2019,1840,33,41,48,15,17,47,0,59,4879
2020,1841,6,51,13,38,49,3,0,81,6170
2021,1842,18,43,22,24,16,34,1,100,6722
2022,1843,28,26,33,41,8,54,1,51,3046
2023,1844,4,3,37,39,48,50,0,21,2121
2024,1845,9,3,29,13,30,51,0,75,4312
2025,1846,49,26,30,34,24,6,0,49,3189
2026,1847,45,1,57,49,50,6,0,44,3678
2027,1848,58,41,50,40,9,55,0,46,3330
2028,1849,35,27,3,11,44,5,0,194,11341
2029,1850,24,32,23,40,41,38,1,81,5935
2030,1851,35,22,8,37,21,18,0,40,3146
2031,1852,29,13,49,50,45,17,0,83,4187
2032,1853,2,41,39,1,34,45,1,28,2780
2033,1854,59,30,43,31,34,25,0,18,1548
2034,1855,6,38,24,39,15,10,0,55,4074
2035,1856,14,9,2,32,22,37,0,122,7199
2036,1857,53,35,52,25,23,13,0,198,5600
2037,1858,55,30,28,59,33,22,0,53,3799
2038,1859,13,26,1,21,14,51,0,88,6049
2039,1860,10,40,30,44,36,60,1,109,11392
2040,1861,45,9,60,2,35,4,0,41,3181
2041,1862,8,49,35,42,56,2,2,99,4549
2042,1862,8,49,35,42,56,2,2,99,4549
2043,1863,23,45,16,58,59,56,0,31,2542
2044,1864,5,4,37,40,60,14,0,43,3530
2045,1865,42,5,32,37,1,31,0,38,3936
2046,1866,14,36,60,38,17,44,0,129,6185
2047,1867,3,43,21,17,22,10,0,96,6158
2048,1868,25,5,31,1,28,23,0,181,7846
2049,1869,11,26,24,52,40,23,0,66,4827
2050,1870,30,40,33,18,20,32,0,98,7040
2051,1871,17,58,33,52,11,3,1,275,15560
2052,1872,39,11,56,46,13,25,0,25,2790
2053,1873,25,5,53,28,41,54,0,27,3152
2054,1874,43,28,10,37,47,44,0,16,1933
2055,1875,53,45,47,1,52,55,1,45,2828
2056,1876,7,18,51,41,44,39,0,23,2308
2057,1877,35,13,32,16,24,23,0,90,4306
2058,1878,56,26,40,16,57,12,0,36,2981
2059,1879,20,58,10,59,57,5,1,103,4610
2060,1880,19,51,56,16,5,37,0,65,5045
2061,1881,30,10,53,44,3,56,1,44,4024
2062,1882,41,35,37,10,19,9,0,25,3054
2063,1883,28,59,16,47,27,60,0,30,2896
2064,1884,38,1,32,4,23,59,0,47,3839
2065,1885,59,7,18,23,32,14,0,88,6170
2066,1886,7,40,54,15,3,45,0,72,6962
2067,1887,23,56,41,46,34,11,0,54,3496
2068,1888,48,1,18,45,17,10,2,113,7195
2069,1888,48,1,18,45,17,10,2,113,7195
2070,1889,30,25,23,44,28,16,0,49,3138
2071,1890,5,24,51,22,11,53,6,1665,124889
2072,1890,5,24,51,22,11,53,6,1665,124889
2073,1890,5,24,51,22,11,53,6,1665,124889
2074,1890,5,24,51,22,11,53,6,1665,124889
2075,1890,5,24,51,22,11,53,6,1665,124889
2076,1890,5,24,51,22,11,53,6,1665,124889
2077,1891,47,1,3,19,23,58,0,46,3488
2078,1892,50,22,6,37,30,17,0,31,2623
2079,1893,17,58,45,19,28,16,0,44,3162
2080,1894,31,35,57,54,21,53,0,37,2761
2081,1895,3,5,2,34,10,15,0,175,10199
2082,1896,25,6,14,21,3,15,1,133,7692
2083,1897,52,9,58,47,22,25,0,46,2873
2084,1898,53,12,58,55,34,45,0,32,2722
2085,1899,48,35,44,23,36,20,0,39,3023
2086,1900,46,11,8,43,28,27,0,87,5573
2087,1901,30,53,26,11,37,12,0,60,4645
2088,1902,25,18,2,21,9,7,3,367,13764
2089,1902,25,18,2,21,9,7,3,367,13764
2090,1902,25,18,2,21,9,7,3,367,13764
2091,1903,9,43,10,15,45,28,0,41,3205
2092,1904,21,18,56,15,51,12,0,82,4003
2093,1905,43,54,29,57,35,56,0,22,2351
2094,1906,27,40,33,6,39,60,0,54,3833
2095,1907,3,48,44,35,25,38,0,55,4353
2096,1908,10,27,57,13,23,4,0,95,5839
2097,1909,47,43,45,40,57,11,0,27,4423
2098,1910,9,6,39,15,22,48,1,219,10816
2099,1911,32,16,33,23,18,30,0,42,2817
2100,1912,42,10,33,36,13,35,1,43,4556
2101,1913,14,56,52,17,4,43,0,43,2960
2102,1914,39,33,29,16,44,42,1,27,2403
2103,1915,57,21,2,33,20,48,0,39,3429
2104,1916,3,50,18,23,9,52,0,100,5478
2105,1917,4,36,25,21,46,33,0,70,5412
2106,1918,22,17,50,38,20,16,0,67,5269
2107,1919,60,28,54,37,45,11,0,67,5858
2108,1920,39,45,31,25,43,33,0,90,6586
2109,1921,19,10,16,15,28,35,0,127,9277
2110,1922,20,41,22,36,43,38,0,124,8817
2111,1923,46,34,59,45,9,42,0,110,9351
2112,1924,16,52,53,58,30,12,1,188,11382
2113,1925,47,43,38,1,17,45,0,50,5258
2114,1926,46,3,2,30,14,20,1,95,6741
2115,1927,11,5,30,31,13,19,1,140,7385
2116,1928,28,51,59,26,53,10,0,28,1630
2117,1929,10,52,23,36,3,43,0,45,3225
2118,1930,17,56,37,52,18,4,0,50,4712
2119,1931,34,8,2,15,9,22,0,131,8918
2120,1932,55,21,16,44,29,10,0,72,5449
2121,1933,15,19,35,59,14,2,0,86,6417
2122,1934,56,39,35,8,23,59,0,105,6699
2123,1935,24,17,10,1,3,23,3,497,18964
2124,1935,24,17,10,1,3,23,3,497,18964
2125,1935,24,17,10,1,3,23,3,497,18964
2126,1936,51,40,52,24,12,3,0,43,2686
2127,1937,10,29,24,43,6,55,1,71,4055
2128,1938,10,54,42,16,40,32,0,24,2220
2129,1939,39,29,24,52,7,45,0,59,3620
2130,1940,36,16,9,47,13,17,0,95,6468
2131,1941,38,1,9,48,49,24,1,63,4313
2132,1942,48,20,43,18,6,24,0,56,4126
2133,1943,43,11,39,9,30,12,0,23,2870
2134,1944,8,57,47,39,9,59,0,41,2879
2135,1945,8,54,21,10,45,4,0,50,4258
2136,1946,6,39,4,44,52,60,0,40,3729
2137,1947,52,59,55,40,8,33,0,63,4250
2138,1948,28,33,20,24,57,12,0,100,7199
2139,1949,30,1,14,56,22,6,0,130,8455
2140,1950,32,21,10,48,34,57,0,88,7215
2141,1951,55,14,16,21,33,19,0,209,13551
2142,1952,9,21,53,36,52,38,0,180,13017
2143,1953,45,29,42,9,43,26,1,237,16988
2144,1954,40,9,49,25,35,33,0,32,2483
2145,1955,15,41,45,33,36,27,0,147,7391
2146,1956,20,40,28,5,8,45,0,74,5000
2147,1957,23,47,29,2,14,22,1,98,8329
2148,1958,55,34,22,20,24,15,0,32,2670
2149,1959,56,43,21,8,27,35,0,94,4639
2150,1960,43,39,18,25,37,1,0,116,6655
2151,1961,50,30,25,17,32,26,0,55,4505
2152,1962,39,5,6,53,15,25,0,86,6431
2153,1963,34,60,5,4,7,42,0,80,6686
2154,1964,32,27,48,36,2,50,0,119,7880
2155,1965,28,26,55,38,48,35,1,98,6377
2156,1966,19,10,32,60,13,40,0,29,2758
2157,1967,32,39,13,54,30,46,0,43,3175
2158,1968,35,48,44,39,36,52,0,48,3782
2159,1969,30,59,20,32,8,48,0,20,1999
2160,1970,10,18,24,5,39,52,0,87,6153
2161,1971,54,10,52,41,44,4,0,39,4001
2162,1972,20,9,59,54,16,57,0,85,5317
2163,1973,17,16,60,12,52,1,0,110,7294
2164,1974,19,57,38,54,4,27,1,141,8994
2165,1975,8,24,47,26,11,57,1,76,5845
2166,1976,52,14,19,12,59,25,0,62,3551
2167,1977,28,3,32,34,37,16,1,91,4723
2168,1978,6,2,57,22,55,44,0,29,2089
2169,1979,38,23,45,32,29,22,1,32,2677
2170,1980,18,16,12,34,37,17,0,77,4689
2171,1981,15,6,39,19,37,53,0,85,5215
2172,1982,46,24,20,4,50,14,1,45,4144
2173,1983,14,22,6,5,10,36,1,73,4884
2174,1984,43,32,21,50,35,29,0,13,1743
2175,1985,9,36,29,28,34,55,0,36,2503
2176,1986,55,23,44,43,36,56,0,41,3164
2177,1987,10,58,14,45,31,34,0,59,3920
2178,1988,5,39,10,54,46,42,0,87,5711
2179,1989,40,58,30,32,15,22,0,47,3280
2180,1990,37,26,11,24,59,34,0,78,5852
2181,1991,19,34,44,36,20,28,0,80,6152
2182,1992,21,11,13,53,54,5,2,142,11405
2183,1992,21,11,13,53,54,5,2,142,11405
2184,1993,50,57,48,17,6,33,0,39,3063
2185,1994,44,5,32,2,12,40,0,51,3686
2186,1995,14,37,39,26,35,29,0,66,4840
2187,1996,56,21,20,7,40,24,0,144,4933
2188,1997,14,7,35,1,31,46,0,86,6280
2189,1998,57,21,24,52,25,8,0,61,4810
2190,1999,42,38,49,15,50,37,0,73,4434
2191,2000,6,37,34,10,3,17,17,4862,173428
2192,2000,6,37,34,10,3,17,17,4862,173428
2193,2000,6,37,34,10,3,17,17,4862,173428
2194,2000,6,37,34,10,3,17,17,4862,173428
2195,2000,6,37,34,10,3,17,17,4862,173428
2196,2000,6,37,34,10,3,17,17,4862,173428
2197,2000,6,37,34,10,3,17,17,4862,173428
2198,2000,6,37,34,10,3,17,17,4862,173428
2199,2000,6,37,34,10,3,17,17,4862,173428
2200,2000,6,37,34,10,3,17,17,4862,173428
2201,2000,6,37,34,10,3,17,17,4862,173428
2202,2000,6,37,34,10,3,17,17,4862,173428
2203,2000,6,37,34,10,3,17,17,4862,173428
2204,2000,6,37,34,10,3,17,17,4862,173428
2205,2000,6,37,34,10,3,17,17,4862,173428
2206,2000,6,37,34,10,3,17,17,4862,173428
2207,2000,6,37,34,10,3,17,17,4862,173428
2208,2001,22,20,52,60,42,36,0,12,1214
2209,2002,59,46,28,38,4,30,0,24,2214
2210,2003,40,50,43,28,51,34,0,16,1865
2211,2004,45,35,1,23,5,14,3,79,6444
2212,2004,45,35,1,23,5,14,3,79,6444
2213,2004,45,35,1,23,5,14,3,79,6444
2214,2005,22,19,33,11,53,34,0,44,4052
2215,2006,20,9,1,14,54,25,0,71,5500
2216,2007,41,14,54,4,39,58,0,42,3340
2217,2008,27,22,58,33,59,42,0,49,4215
2218,2009,1,48,50,44,37,46,0,46,3665
2219,2010,18,56,8,34,39,10,0,106,7436
2220,2011,28,35,58,54,2,32,0,119,5949
2221,2012,11,51,36,8,35,27,0,107,6828
2222,2013,6,36,53,30,56,23,0,159,8465
2223,2014,46,32,16,56,40,53,0,46,4140
2224,2015,18,58,32,39,27,17,1,130,12558
2225,2016,11,17,48,18,4,21,0,64,4543
2226,2017,56,10,11,2,38,24,0,123,6125
2227,2018,55,11,27,22,25,59,0,83,4661
2228,2019,41,46,54,59,23,52,0,54,4043
2229,2020,2,46,57,60,48,36,0,46,4530
2230,2021,32,37,40,60,7,14,0,101,6982
2231,2022,28,60,52,45,4,48,0,79,6343
2232,2023,23,56,8,7,1,6,2,217,13622
2233,2023,23,56,8,7,1,6,2,217,13622
2234,2024,29,16,20,35,47,23,0,45,3221
2235,2025,52,56,4,24,46,55,0,53,3730
2236,2026,51,33,23,52,31,10,0,105,6365
2237,2027,11,15,39,37,29,44,0,76,4916
2238,2028,7,42,58,36,24,11,4,261,9867
2239,2028,7,42,58,36,24,11,4,261,9867
2240,2028,7,42,58,36,24,11,4,261,9867
2241,2028,7,42,58,36,24,11,4,261,9867
2242,2029,15,37,18,33,40,6,0,78,4398
2243,2030,38,4,58,40,27,59,1,63,4017
2244,2031,23,39,18,55,50,37,0,48,3252
2245,2032,19,39,20,53,14,6,0,27,2075
2246,2033,40,10,18,33,38,43,1,27,3644
2247,2034,7,56,22,13,6,17,1,89,5597
2248,2035,52,35,49,30,38,36,0,37,2668
2249,2036,23,58,8,19,27,7,0,91,6675
2250,2037,60,30,14,45,23,16,0,48,4609
2251,2038,26,35,40,25,6,38,0,28,2768
2252,2039,28,22,6,31,44,12,0,91,6415
2253,2040,56,58,54,6,41,9,0,67,5680
2254,2041,10,12,54,42,22,25,1,120,9310
2255,2042,33,32,22,29,35,14,0,47,3018
2256,2043,53,58,21,38,57,56,0,19,2258
2257,2044,14,7,60,54,47,56,0,49,3612
2258,2045,27,46,15,25,50,45,1,70,3921
2259,2046,27,11,6,28,46,3,0,80,4630
2260,2047,18,19,44,54,1,29,0,30,2390
2261,2048,10,39,38,35,26,19,0,36,3611
2262,2049,19,10,27,31,51,53,0,49,4216
2263,2050,33,50,38,32,8,31,0,34,3540
2264,2051,37,5,44,1,53,6,0,46,5251
2265,2052,57,50,56,51,58,59,4,152,4816
2266,2052,57,50,56,51,58,59,4,152,4816
2267,2052,57,50,56,51,58,59,4,152,4816
2268,2052,57,50,56,51,58,59,4,152,4816
2269,2053,12,27,40,37,22,55,0,17,1582
2270,2054,39,4,7,12,26,22,0,80,5237
2271,2055,53,43,46,25,35,6,0,41,2209
2272,2056,29,47,22,36,34,18,0,80,4927
2273,2057,37,38,20,13,10,54,0,42,4086
2274,2058,19,4,23,29,59,56,0,81,5435
2275,2059,5,4,36,56,40,44,0,77,5562
2276,2060,11,39,41,9,25,8,0,186,8570
2277,2061,33,45,44,40,36,54,0,93,6899
2278,2062,8,15,34,25,10,23,1,192,13804
